date,is_observed,hhs_care_observed,hhs_care_interpolated,trend,seasonal,residual
2023-01-12,True,6566.0,6566.0,6540.234693877552,53.847546019026026,-28.08223989657779
2023-01-13,False,,6621.6,6601.505102040817,12.423425071945877,7.671472887237195
2023-01-14,False,,6677.2,6662.775510204083,-28.97323761910456,43.397727415021556
2023-01-15,False,,6732.8,6732.799999999999,-70.38722737084932,70.38722737085023
2023-01-16,False,,6788.4,6788.4,-41.6285564999036,41.6285564999036
2023-01-17,False,,6844.0,6844.000000000001,19.8789131546249,-19.87891315462581
2023-01-18,False,,6899.6,6899.6,54.83913724426068,-54.83913724426068
2023-01-19,False,,6955.2,6955.2,53.847546019026026,-53.847546019026026
2023-01-20,False,,7010.8,7025.428571428572,12.423425071945877,-27.051996500517255
2023-01-21,False,,7066.4,7109.571428571428,-28.97323761910456,-14.198190952324246
2023-01-22,True,7122.0,7122.0,7200.771428571428,-70.38722737084932,-8.384201200578943
2023-01-23,True,7280.0,7280.0,7281.671428571429,-41.6285564999036,39.9571279284748
2023-01-24,True,7433.0,7433.0,7352.271428571428,19.8789131546249,60.849658273946844
2023-01-25,True,7538.0,7538.0,7412.571428571429,54.83913724426068,70.58943418430997
2023-01-26,False,,7521.5,7462.571428571428,53.847546019026026,5.081025409545532
2023-01-27,False,,7505.0,7528.714285714285,12.423425071945877,-36.1377107862312
2023-01-28,False,,7488.5,7581.5714285714275,-28.97323761910456,-64.09819095232297
2023-01-29,True,7472.0,7472.0,7633.714285714284,-70.38722737084932,-91.3270583434351
2023-01-30,True,7743.0,7743.0,7684.785714285714,-41.6285564999036,99.84284221418983
2023-01-31,True,7803.0,7803.0,7724.261904761904,19.8789131546249,58.859182083471424
2023-02-01,True,7903.0,7903.0,7752.142857142857,54.83913724426068,96.01800561288243
2023-02-02,True,7879.0,7879.0,7768.428571428571,53.847546019026026,56.723882552403325
2023-02-03,False,,7781.333333333333,7765.142857142857,12.423425071945877,3.7670511185302704
2023-02-04,False,,7683.666666666667,7772.571428571428,-28.97323761910456,-59.93152428565691
2023-02-05,True,7586.0,7586.0,7774.285714285714,-70.38722737084932,-117.89848691486445
2023-02-06,True,7720.0,7720.0,7778.428571428571,-41.6285564999036,-16.800014928667046
2023-02-07,True,7855.0,7855.0,7773.95238095238,19.8789131546249,61.16870589299528
2023-02-08,True,7915.0,7915.0,7760.857142857141,54.83913724426068,99.30371989859802
2023-02-09,True,7908.0,7908.0,7739.142857142856,53.847546019026026,115.009596838118
2023-02-10,False,,7750.0,7705.285714285714,12.423425071945877,32.290860642340355
2023-02-11,False,,7592.0,7696.571428571428,-28.97323761910456,-75.59819095232388
2023-02-12,True,7434.0,7434.0,7689.999999999999,-70.38722737084932,-185.6127726291498
2023-02-13,True,7483.0,7483.0,7673.5714285714275,-41.6285564999036,-148.94287207152394
2023-02-14,True,7794.0,7794.0,7680.5714285714275,19.8789131546249,93.54965827394757
2023-02-15,True,7869.0,7869.0,7711.0,54.83913724426068,103.16086275573932
2023-02-16,True,7793.0,7793.0,7764.857142857143,53.847546019026026,-25.704688876169143
2023-02-17,False,,7799.0,7812.571428571428,12.423425071945877,-25.99485364337432
2023-02-18,False,,7805.0,7837.285714285714,-28.97323761910456,-3.312476666609207
2023-02-19,False,,7811.0,7852.857142857142,-70.38722737084932,28.53008451370711
2023-02-20,True,7817.0,7817.0,7870.142857142856,-41.6285564999036,-11.51430064295237
2023-02-21,True,7967.0,7967.0,7872.047619047618,19.8789131546249,75.07346779775675
2023-02-22,True,7978.0,7978.0,7858.5714285714275,54.83913724426068,64.58943418431178
2023-02-23,True,7914.0,7914.0,7829.714285714285,53.847546019026026,30.43816826668865
2023-02-24,False,,7812.333333333333,7827.285714285714,12.423425071945877,-27.375806024326614
2023-02-25,False,,7710.666666666667,7817.142857142857,-28.97323761910456,-77.50295285708535
2023-02-26,True,7609.0,7609.0,7810.285714285714,-70.38722737084932,-130.89848691486446
2023-02-27,True,7800.0,7800.0,7804.0,-41.6285564999036,37.6285564999036
2023-02-28,True,7896.0,7896.0,7811.923809523809,19.8789131546249,64.19727732156629
2023-03-01,True,7930.0,7930.0,7834.057142857142,54.83913724426068,41.1037198985973
2023-03-02,True,7870.0,7870.0,7870.399999999999,53.847546019026026,-54.24754601902475
2023-03-03,False,,7867.8,7879.142857142856,12.423425071945877,-23.76628221480167
2023-03-04,False,,7865.6,7873.857142857141,-28.97323761910456,20.716094761963625
2023-03-05,False,,7863.4,7867.428571428571,-70.38722737084932,66.3586559422783
2023-03-06,False,,7861.2,7855.428571428571,-41.6285564999036,47.39998507133277
2023-03-07,True,7859.0,7859.0,7835.921428571427,19.8789131546249,3.1996582739481134
2023-03-08,True,7885.0,7885.0,7808.9071428571415,54.83913724426068,21.253719898597843
2023-03-09,True,7786.0,7786.0,7774.385714285712,53.847546019026026,-42.23326030473834
2023-03-10,False,,7731.25,7732.357142857142,12.423425071945877,-13.530567929088084
2023-03-11,False,,7676.5,7725.357142857141,-28.97323761910456,-19.88390523803674
2023-03-12,False,,7621.75,7729.642857142856,-70.38722737084932,-37.50562977200666
2023-03-13,True,7567.0,7567.0,7758.642857142855,-41.6285564999036,-150.01430064295147
2023-03-14,True,7810.0,7810.0,7790.511904761904,19.8789131546249,-0.39081791652857945
2023-03-15,True,7915.0,7915.0,7825.249999999999,54.83913724426068,34.91086275574023
2023-03-16,True,7989.0,7989.0,7862.857142857141,53.847546019026026,72.29531112383268
2023-03-17,False,,7954.333333333333,7914.857142857142,12.423425071945877,27.052765404244944
2023-03-18,False,,7919.666666666667,7949.142857142857,-28.97323761910456,-0.5029528570853543
2023-03-19,True,7885.0,7885.0,7975.142857142857,-70.38722737084932,-19.755629772007566
2023-03-20,True,7931.0,7931.0,7991.285714285714,-41.6285564999036,-18.657157785810163
2023-03-21,True,8050.0,8050.0,8000.238095238095,19.8789131546249,29.88299160727969
2023-03-22,True,8097.0,8097.0,8002.0,54.83913724426068,40.16086275573932
2023-03-23,True,8102.0,8102.0,7996.5714285714275,53.847546019026026,51.58102540954644
2023-03-24,False,,8017.0,8005.5714285714275,12.423425071945877,-0.9948536433734088
2023-03-25,False,,7932.0,8009.714285714285,-28.97323761910456,-48.741048095180766
2023-03-26,True,7847.0,7847.0,8025.5714285714275,-70.38722737084932,-108.18420120057822
2023-03-27,True,7994.0,7994.0,8033.571428571428,-41.6285564999036,2.057127928475161
2023-03-28,True,8079.0,8079.0,8045.285714285714,19.8789131546249,13.835372559661334
2023-03-29,True,8208.0,8208.0,8060.714285714285,54.83913724426068,92.44657704145399
2023-03-30,True,8158.0,8158.0,8079.857142857142,53.847546019026026,24.295311123831766
2023-03-31,False,,8099.0,8088.428571428571,12.423425071945877,-1.8519965005165258
2023-04-01,False,,8040.0,8086.857142857142,-28.97323761910456,-17.88390523803765
2023-04-02,True,7981.0,7981.0,8082.142857142857,-70.38722737084932,-30.755629772007566
2023-04-03,True,8054.0,8054.0,8085.0,-41.6285564999036,10.628556499903603
2023-04-04,True,8068.0,8068.0,8083.047619047619,19.8789131546249,-34.92653220224416
2023-04-05,True,8175.0,8175.0,8076.285714285714,54.83913724426068,43.87514847002556
2023-04-06,True,8178.0,8178.0,8064.714285714285,53.847546019026026,59.43816826668865
2023-04-07,False,,8085.333333333333,8032.142857142857,12.423425071945877,40.76705111853027
2023-04-08,False,,7992.666666666667,8011.285714285714,-28.97323761910456,10.354190000057763
2023-04-09,True,7900.0,7900.0,7968.5714285714275,-70.38722737084932,1.8157987994217848
2023-04-10,True,7826.0,7826.0,7913.857142857142,-41.6285564999036,-46.228586357238605
2023-04-11,True,7922.0,7922.0,7852.619047619047,19.8789131546249,49.50203922632831
2023-04-12,True,7876.0,7876.0,7784.857142857142,54.83913724426068,36.303719898597116
2023-04-13,True,7795.0,7795.0,7710.5714285714275,53.847546019026026,30.58102540954644
2023-04-14,False,,7656.666666666667,7641.714285714286,12.423425071945877,2.528955880434859
2023-04-15,False,,7518.333333333333,7563.714285714285,-28.97323761910456,-16.407714761847735
2023-04-16,True,7380.0,7380.0,7489.428571428572,-70.38722737084932,-39.04134405772224
2023-04-17,True,7344.0,7344.0,7445.857142857143,-41.6285564999036,-60.228586357239514
2023-04-18,True,7376.0,7376.0,7424.142857142857,19.8789131546249,-68.02177029748178
2023-04-19,True,7356.0,7356.0,7424.285714285715,54.83913724426068,-123.12485152997536
2023-04-20,True,7490.0,7490.0,7446.285714285714,53.847546019026026,-10.133260304739792
2023-04-21,False,,7504.666666666667,7510.857142857142,12.423425071945877,-18.613901262421116
2023-04-22,False,,7519.333333333333,7602.428571428571,-28.97323761910456,-54.12200047613306
2023-04-23,True,7534.0,7534.0,7711.142857142856,-70.38722737084932,-106.75562977200666
2023-04-24,True,7796.0,7796.0,7806.714285714284,-41.6285564999036,30.914270785619188
2023-04-25,True,8017.0,8017.0,7909.380952380952,19.8789131546249,87.74013446442281
2023-04-26,True,8117.0,8117.0,8019.142857142857,54.83913724426068,43.01800561288244
2023-04-27,True,8159.0,8159.0,8135.999999999999,53.847546019026026,-30.847546019025117
2023-04-28,False,,8223.333333333334,8235.42857142857,12.423425071945877,-24.518663167182588
2023-04-29,False,,8287.666666666666,8326.42857142857,-28.97323761910456,-9.78866714280003
2023-04-30,True,8352.0,8352.0,8410.285714285712,-70.38722737084932,12.10151308513737
2023-05-01,True,8492.0,8492.0,8500.42857142857,-41.6285564999036,33.199985071332954
2023-05-02,True,8654.0,8654.0,8566.857142857141,19.8789131546249,67.2639439882338
2023-05-03,True,8704.0,8704.0,8609.571428571428,54.83913724426068,39.58943418431179
2023-05-04,True,8790.0,8790.0,8628.571428571428,53.847546019026026,107.58102540954644
2023-05-05,False,,8688.333333333334,8642.571428571428,12.423425071945877,33.33847968996053
2023-05-06,False,,8586.666666666666,8635.714285714284,-28.97323761910456,-20.074381428513796
2023-05-07,True,8485.0,8485.0,8632.42857142857,-70.38722737084932,-77.04134405772133
2023-05-08,True,8590.0,8590.0,8615.571428571428,-41.6285564999036,16.05712792847607
2023-05-09,True,8606.0,8606.0,8602.42857142857,19.8789131546249,-16.30748458319555
2023-05-10,True,8681.0,8681.0,8593.0,54.83913724426068,33.16086275573932
2023-05-11,True,8672.0,8672.0,8587.285714285714,53.847546019026026,30.866739695260208
2023-05-12,False,,8596.333333333334,8584.57142857143,12.423425071945877,-0.6615203100412881
2023-05-13,False,,8520.666666666666,8579.714285714286,-28.97323761910456,-30.074381428515615
2023-05-14,True,8445.0,8445.0,8563.714285714286,-70.38722737084932,-48.32705834343692
2023-05-15,True,8571.0,8571.0,8535.42857142857,-41.6285564999036,77.19998507133295
2023-05-16,True,8572.0,8572.0,8487.095238095237,19.8789131546249,65.0258487501384
2023-05-17,True,8569.0,8569.0,8418.714285714284,54.83913724426068,95.4465770414549
2023-05-18,True,8474.0,8474.0,8330.285714285714,53.847546019026026,89.86673969526021
2023-05-19,False,,8258.0,8227.0,12.423425071945877,18.57657492805412
2023-05-20,False,,8042.0,8114.999999999999,-28.97323761910456,-44.02676238089453
2023-05-21,True,7826.0,7826.0,7992.142857142857,-70.38722737084932,-95.75562977200757
2023-05-22,True,7848.0,7848.0,7859.5714285714275,-41.6285564999036,30.05712792847607
2023-05-23,True,7788.0,7788.0,7738.214285714286,19.8789131546249,29.906801131088866
2023-05-24,True,7709.0,7709.0,7628.071428571428,54.83913724426068,26.089434184310882
2023-05-25,True,7546.0,7546.0,7529.142857142857,53.847546019026026,-36.99040316188291
2023-05-26,False,,7408.5,7407.428571428571,12.423425071945877,-11.351996500516526
2023-05-27,False,,7271.0,7301.428571428571,-28.97323761910456,-1.4553338094660901
2023-05-28,False,,7133.5,7207.714285714285,-70.38722737084932,-3.8270583434360077
2023-05-29,True,6996.0,6996.0,7130.0,-41.6285564999036,-92.3714435000964
2023-05-30,True,7046.0,7046.0,7050.642857142857,19.8789131546249,-24.521770297481783
2023-05-31,True,7053.0,7053.0,6969.642857142856,54.83913724426068,28.51800561288335
2023-06-01,True,7002.0,7002.0,6887.0,53.847546019026026,61.152453980973974
2023-06-02,False,,6853.0,6819.428571428572,12.423425071945877,21.148003499482563
2023-06-03,False,,6704.0,6742.571428571428,-28.97323761910456,-9.598190952323883
2023-06-04,True,6555.0,6555.0,6661.142857142857,-70.38722737084932,-35.755629772007566
2023-06-05,True,6523.0,6523.0,6581.714285714285,-41.6285564999036,-17.085729214381722
2023-06-06,True,6508.0,6508.0,6502.666666666666,19.8789131546249,-14.54557982129096
2023-06-07,True,6483.0,6483.0,6424.0,54.83913724426068,4.160862755739323
2023-06-08,True,6446.0,6446.0,6345.714285714285,53.847546019026026,46.43816826668865
2023-06-09,False,,6299.666666666667,6273.999999999999,12.423425071945877,13.243241594722003
2023-06-10,False,,6153.333333333333,6210.142857142857,-28.97323761910456,-27.836286190419294
2023-06-11,True,6007.0,6007.0,6150.428571428572,-70.38722737084932,-73.04134405772224
2023-06-12,True,6021.0,6021.0,6092.142857142857,-41.6285564999036,-29.51430064295328
2023-06-13,True,6061.0,6061.0,6041.940476190475,19.8789131546249,-0.819389345100138
2023-06-14,True,6065.0,6065.0,5999.821428571428,54.83913724426068,10.339434184310882
2023-06-15,True,6038.0,6038.0,5965.785714285715,53.847546019026026,18.366739695259298
2023-06-16,False,,5948.25,5916.928571428571,12.423425071945877,18.898003499483472
2023-06-17,False,,5858.5,5894.500000000001,-28.97323761910456,-7.026762380896351
2023-06-18,False,,5768.75,5874.071428571428,-70.38722737084932,-34.934201200579125
2023-06-19,True,5679.0,5679.0,5862.357142857143,-41.6285564999036,-141.72858635723952
2023-06-20,True,5904.0,5904.0,5854.416666666667,19.8789131546249,29.70442017870813
2023-06-21,True,5922.0,5922.0,5850.25,54.83913724426068,16.910862755739323
2023-06-22,True,5956.0,5956.0,5849.857142857142,53.847546019026026,52.295311123831766
2023-06-23,False,,5892.666666666667,5869.857142857143,12.423425071945877,10.386098737577976
2023-06-24,False,,5829.333333333333,5871.714285714284,-28.97323761910456,-13.407714761846826
2023-06-25,True,5766.0,5766.0,5882.714285714284,-70.38722737084932,-46.3270583434351
2023-06-26,True,5819.0,5819.0,5897.285714285715,-41.6285564999036,-36.65715778581107
2023-06-27,True,5917.0,5917.0,5913.523809523809,19.8789131546249,-16.402722678434078
2023-06-28,True,5999.0,5999.0,5931.428571428572,54.83913724426068,12.732291327167765
2023-06-29,True,6058.0,6058.0,5951.0,53.847546019026026,53.152453980973974
2023-06-30,False,,6006.333333333333,5978.999999999998,12.423425071945877,14.909908261388972
2023-07-01,False,,5954.666666666667,6008.999999999998,-28.97323761910456,-25.360095714226652
2023-07-02,True,5903.0,5903.0,6036.714285714285,-70.38722737084932,-63.32705834343601
2023-07-03,False,,6015.0,6062.5714285714275,-41.6285564999036,-5.942872071523929
2023-07-04,True,6127.0,6127.0,6094.619047619048,19.8789131546249,12.502039226327394
2023-07-05,True,6193.0,6193.0,6132.857142857143,54.83913724426068,5.303719898596206
2023-07-06,True,6239.0,6239.0,6177.285714285713,53.847546019026026,7.866739695261117
2023-07-07,False,,6230.666666666667,6224.5714285714275,12.423425071945877,-6.328186976706439
2023-07-08,False,,6222.333333333333,6277.5714285714275,-28.97323761910456,-26.264857618989943
2023-07-09,True,6214.0,6214.0,6324.428571428572,-70.38722737084932,-40.04134405772224
2023-07-10,True,6346.0,6346.0,6376.571428571428,-41.6285564999036,11.057127928475161
2023-07-11,True,6498.0,6498.0,6423.428571428572,19.8789131546249,54.692515416803545
2023-07-12,True,6521.0,6521.0,6465.0,54.83913724426068,1.1608627557393234
2023-07-13,True,6604.0,6604.0,6501.285714285714,53.847546019026026,48.86673969526021
2023-07-14,False,,6558.666666666667,6542.142857142856,12.423425071945877,4.10038445186512
2023-07-15,False,,6513.333333333333,6595.857142857142,-28.97323761910456,-53.55057190470462
2023-07-16,True,6468.0,6468.0,6664.428571428571,-70.38722737084932,-126.04134405772133
2023-07-17,True,6632.0,6632.0,6737.571428571428,-41.6285564999036,-63.94287207152484
2023-07-18,True,6874.0,6874.0,6814.142857142856,19.8789131546249,39.97822970251913
2023-07-19,True,7001.0,7001.0,6894.142857142857,54.83913724426068,52.01800561288244
2023-07-20,True,7116.0,7116.0,6977.571428571428,53.847546019026026,84.58102540954553
2023-07-21,False,,7094.666666666667,7061.571428571429,12.423425071945877,20.67181302329174
2023-07-22,False,,7073.333333333333,7152.428571428572,-28.97323761910456,-50.12200047613397
2023-07-23,True,7052.0,7052.0,7244.714285714286,-70.38722737084932,-122.32705834343692
2023-07-24,True,7220.0,7220.0,7335.857142857143,-41.6285564999036,-74.22858635723952
2023-07-25,True,7510.0,7510.0,7426.095238095238,19.8789131546249,64.02584875013748
2023-07-26,True,7647.0,7647.0,7515.428571428571,54.83913724426068,76.73229132716867
2023-07-27,True,7754.0,7754.0,7603.857142857142,53.847546019026026,96.29531112383177
2023-07-28,False,,7726.333333333333,7686.714285714286,12.423425071945877,27.195622547100918
2023-07-29,False,,7698.666666666667,7771.428571428572,-28.97323761910456,-43.78866714280003
2023-07-30,True,7671.0,7671.0,7859.142857142856,-70.38722737084932,-117.75562977200666
2023-07-31,True,7800.0,7800.0,7936.285714285715,-41.6285564999036,-94.65715778581108
2023-08-01,True,8103.0,8103.0,8017.571428571428,19.8789131546249,65.54965827394666
2023-08-02,True,8261.0,8261.0,8103.0,54.83913724426068,103.16086275573932
2023-08-03,True,8294.0,8294.0,8192.57142857143,53.847546019026026,47.58102540954462
2023-08-04,False,,8295.333333333334,8291.57142857143,12.423425071945877,-8.661520310041288
2023-08-05,False,,8296.666666666666,8380.42857142857,-28.97323761910456,-54.78866714280003
2023-08-06,True,8298.0,8298.0,8470.0,-70.38722737084932,-101.61277262915068
2023-08-07,True,8493.0,8493.0,8558.571428571428,-41.6285564999036,-23.94287207152393
2023-08-08,True,8725.0,8725.0,8664.095238095237,19.8789131546249,41.025848750138394
2023-08-09,True,8888.0,8888.0,8786.571428571428,54.83913724426068,46.58943418431179
2023-08-10,True,8914.0,8914.0,8925.999999999998,53.847546019026026,-65.84754601902421
2023-08-11,False,,9034.0,9054.714285714286,12.423425071945877,-33.13771078623211
2023-08-12,False,,9154.0,9167.42857142857,-28.97323761910456,15.54466619053391
2023-08-13,False,,9274.0,9274.0,-70.38722737084932,70.38722737084932
2023-08-14,False,,9394.0,9385.42857142857,-41.6285564999036,50.199985071332954
2023-08-15,False,,9514.0,9469.666666666666,19.8789131546249,24.45442017870904
2023-08-16,True,9634.0,9634.0,9526.714285714286,54.83913724426068,52.44657704145309
2023-08-17,True,9694.0,9694.0,9556.57142857143,53.847546019026026,83.58102540954462
2023-08-18,False,,9623.666666666666,9595.714285714286,12.423425071945877,15.52895588043395
2023-08-19,False,,9553.333333333334,9653.857142857141,-28.97323761910456,-71.55057190470279
2023-08-20,True,9483.0,9483.0,9716.285714285714,-70.38722737084932,-162.89848691486446
2023-08-21,True,9668.0,9668.0,9763.714285714284,-41.6285564999036,-54.08572921438081
2023-08-22,True,9921.0,9921.0,9813.904761904761,19.8789131546249,87.21632494061363
2023-08-23,True,10071.0,10071.0,9866.857142857143,54.83913724426068,149.3037198985962
2023-08-24,True,10026.0,10026.0,9922.571428571428,53.847546019026026,49.58102540954644
2023-08-25,False,,9975.0,9971.714285714284,12.423425071945877,-9.137710786230292
2023-08-26,False,,9924.0,10008.714285714284,-28.97323761910456,-55.741048095179856
2023-08-27,True,9873.0,9873.0,10038.571428571428,-70.38722737084932,-95.18420120057822
2023-08-28,True,10012.0,10012.0,10054.857142857141,-41.6285564999036,-1.2285863572376954
2023-08-29,True,10180.0,10180.0,10072.999999999998,19.8789131546249,87.12108684537692
2023-08-30,True,10280.0,10280.0,10093.0,54.83913724426068,132.16086275573932
2023-08-31,True,10140.0,10140.0,10114.857142857141,53.847546019026026,-28.704688876167324
2023-09-01,False,,10102.0,10111.42857142857,12.423425071945877,-21.851996500516528
2023-09-02,False,,10064.0,10106.0,-28.97323761910456,-13.026762380895441
2023-09-03,False,,10026.0,10116.857142857141,-70.38722737084932,-20.46991548629198
2023-09-04,True,9988.0,9988.0,10156.714285714284,-41.6285564999036,-127.08572921438082
2023-09-05,True,10142.0,10142.0,10195.47619047619,19.8789131546249,-73.35510363081572
2023-09-06,True,10356.0,10356.0,10233.142857142857,54.83913724426068,68.01800561288243
2023-09-07,True,10419.0,10419.0,10269.714285714286,53.847546019026026,95.43816826668774
2023-09-08,False,,10373.333333333334,10341.714285714286,12.423425071945877,19.195622547101827
2023-09-09,False,,10327.666666666666,10414.142857142857,-28.97323761910456,-57.502952857086264
2023-09-10,True,10282.0,10282.0,10460.142857142855,-70.38722737084932,-107.75562977200575
2023-09-11,True,10492.0,10492.0,10519.857142857141,-41.6285564999036,13.771413642762305
2023-09-12,True,10649.0,10649.0,10584.285714285716,19.8789131546249,44.83537255965952
2023-09-13,True,10678.0,10678.0,10653.42857142857,54.83913724426068,-30.267708672831326
2023-09-14,True,10837.0,10837.0,10727.285714285714,53.847546019026026,55.86673969526021
2023-09-15,False,,10824.333333333334,10784.42857142857,12.423425071945877,27.481336832817412
2023-09-16,False,,10811.666666666666,10848.142857142855,-28.97323761910456,-7.502952857084445
2023-09-17,True,10799.0,10799.0,10903.285714285714,-70.38722737084932,-33.89848691486445
2023-09-18,True,10892.0,10892.0,10936.142857142857,-41.6285564999036,-2.5143006429532804
2023-09-19,True,11095.0,11095.0,10955.42857142857,19.8789131546249,119.69251541680445
2023-09-20,True,11064.0,11064.0,10961.142857142857,54.83913724426068,48.01800561288244
2023-09-21,True,11067.0,11067.0,10953.285714285714,53.847546019026026,59.86673969526021
2023-09-22,False,,10959.333333333334,10946.142857142857,12.423425071945877,0.7670511185311799
2023-09-23,False,,10851.666666666666,10929.42857142857,-28.97323761910456,-48.78866714280003
2023-09-24,True,10744.0,10744.0,10922.714285714286,-70.38722737084932,-108.32705834343692
2023-09-25,True,10842.0,10842.0,10910.857142857141,-41.6285564999036,-27.228586357237695
2023-09-26,True,10978.0,10978.0,10895.999999999998,19.8789131546249,62.12108684537692
2023-09-27,True,11017.0,11017.0,10878.142857142857,54.83913724426068,84.01800561288243
2023-09-28,True,10984.0,10984.0,10857.285714285714,53.847546019026026,72.86673969526021
2023-09-29,False,,10855.333333333334,10840.42857142857,12.423425071945877,2.481336832817414
2023-09-30,False,,10726.666666666666,10817.571428571428,-28.97323761910456,-61.93152428565691
2023-10-01,True,10598.0,10598.0,10809.857142857141,-70.38722737084932,-141.469915486292
2023-10-02,True,10724.0,10724.0,10830.714285714286,-41.6285564999036,-65.08572921438264
2023-10-03,True,10818.0,10818.0,10858.702380952382,19.8789131546249,-60.58129410700654
2023-10-04,True,10963.0,10963.0,10893.821428571428,54.83913724426068,14.339434184311791
2023-10-05,True,11130.0,11130.0,10936.071428571428,53.847546019026026,140.08102540954644
2023-10-06,False,,11051.25,10949.071428571428,12.423425071945877,89.7551463566266
2023-10-07,False,,10972.5,10962.214285714286,-28.97323761910456,39.258951904818325
2023-10-08,False,,10893.75,10961.785714285714,-70.38722737084932,2.351513085135551
2023-10-09,True,10815.0,10815.0,10942.071428571428,-41.6285564999036,-85.44287207152394
2023-10-10,True,10910.0,10910.0,10913.559523809523,19.8789131546249,-23.438436964147844
2023-10-11,True,10960.0,10960.0,10876.25,54.83913724426068,28.910862755739323
2023-10-12,True,10992.0,10992.0,10830.142857142857,53.847546019026026,108.00959683811709
2023-10-13,False,,10851.666666666666,10803.571428571428,12.423425071945877,35.67181302329265
2023-10-14,False,,10711.333333333334,10763.571428571428,-28.97323761910456,-23.264857618989033
2023-10-15,True,10571.0,10571.0,10699.428571428569,-70.38722737084932,-58.04134405771951
2023-10-16,True,10629.0,10629.0,10603.285714285714,-41.6285564999036,67.34284221418983
2023-10-17,True,10630.0,10630.0,10488.476190476189,19.8789131546249,121.6448963691861
2023-10-18,True,10511.0,10511.0,10355.0,54.83913724426068,101.16086275573932
2023-10-19,True,10319.0,10319.0,10202.857142857143,53.847546019026026,62.29531112383086
2023-10-20,False,,10048.0,10032.42857142857,12.423425071945877,3.1480034994834742
2023-10-21,False,,9777.0,9856.142857142855,-28.97323761910456,-50.169619523750505
2023-10-22,True,9506.0,9506.0,9690.42857142857,-70.38722737084932,-114.04134405772133
2023-10-23,True,9436.0,9436.0,9535.571428571428,-41.6285564999036,-57.94287207152393
2023-10-24,True,9396.0,9396.0,9404.666666666666,19.8789131546249,-28.54557982129096
2023-10-25,True,9351.0,9351.0,9297.714285714284,54.83913724426068,-1.5534229585450916
2023-10-26,True,9235.0,9235.0,9214.714285714284,53.847546019026026,-33.56183173331044
2023-10-27,False,,9131.666666666666,9156.142857142857,12.423425071945877,-36.8996155481367
2023-10-28,False,,9028.333333333334,9109.857142857141,-28.97323761910456,-52.5505719047028
2023-10-29,True,8925.0,8925.0,9095.42857142857,-70.38722737084932,-100.04134405772133
2023-10-30,True,9026.0,9026.0,9125.0,-41.6285564999036,-57.3714435000964
2023-10-31,True,9072.0,9072.0,9161.285714285714,19.8789131546249,-109.16462744033866
2023-11-01,True,9250.0,9250.0,9204.285714285716,54.83913724426068,-9.124851529976262
2023-11-02,True,9442.0,9442.0,9254.0,53.847546019026026,134.15245398097397
2023-11-03,False,,9385.666666666666,9291.142857142857,12.423425071945877,82.1003844518633
2023-11-04,False,,9329.333333333334,9349.857142857141,-28.97323761910456,8.4494280952972
2023-11-05,True,9273.0,9273.0,9404.714285714284,-70.38722737084932,-61.3270583434351
2023-11-06,True,9286.0,9286.0,9426.535714285712,-41.6285564999036,-98.90715778580835
2023-11-07,True,9483.0,9483.0,9450.797619047618,19.8789131546249,12.323467797756745
2023-11-08,True,9634.0,9634.0,9477.5,54.83913724426068,101.66086275573932
2023-11-09,False,,9594.75,9506.642857142855,53.847546019026026,34.25959683811891
2023-11-10,False,,9555.5,9538.642857142857,12.423425071945877,4.43371778519724
2023-11-11,False,,9516.25,9564.642857142857,-28.97323761910456,-19.419619523752324
2023-11-12,True,9477.0,9477.0,9582.92857142857,-70.38722737084932,-35.54134405772133
2023-11-13,True,9510.0,9510.0,9606.821428571428,-41.6285564999036,-55.19287207152393
2023-11-14,True,9665.0,9665.0,9627.321428571428,19.8789131546249,17.799658273947568
2023-11-15,True,9762.0,9762.0,9644.428571428569,54.83913724426068,62.73229132717049
2023-11-16,True,9762.0,9762.0,9658.142857142855,53.847546019026026,50.00959683811891
2023-11-17,False,,9699.0,9676.42857142857,12.423425071945877,10.148003499483474
2023-11-18,False,,9636.0,9696.285714285714,-28.97323761910456,-31.312476666609207
2023-11-19,True,9573.0,9573.0,9704.714285714286,-70.38722737084932,-61.32705834343692
2023-11-20,True,9638.0,9638.0,9715.571428571428,-41.6285564999036,-35.94287207152393
2023-11-21,True,9804.0,9804.0,9735.761904761905,19.8789131546249,48.359182083470515
2023-11-22,False,,9821.0,9765.285714285716,54.83913724426068,0.8751484700237384
2023-11-23,True,9838.0,9838.0,9804.142857142857,53.847546019026026,-19.99040316188291
2023-11-24,False,,9840.333333333334,9873.42857142857,12.423425071945877,-45.51866316718259
2023-11-25,False,,9842.666666666666,9933.285714285714,-28.97323761910456,-61.64580999994315
2023-11-26,True,9845.0,9845.0,10015.714285714284,-70.38722737084932,-100.3270583434351
2023-11-27,True,10123.0,10123.0,10115.42857142857,-41.6285564999036,49.199985071332954
2023-11-28,True,10223.0,10223.0,10216.857142857141,19.8789131546249,-13.736056011766198
2023-11-29,True,10398.0,10398.0,10320.0,54.83913724426068,23.160862755739323
2023-11-30,True,10536.0,10536.0,10424.857142857141,53.847546019026026,57.295311123832676
2023-12-01,False,,10550.333333333334,10497.999999999998,12.423425071945877,39.90990826138988
2023-12-02,False,,10564.666666666666,10574.857142857141,-28.97323761910456,18.78276142862932
2023-12-03,True,10579.0,10579.0,10636.85714285714,-70.38722737084932,12.530084513709838
2023-12-04,True,10635.0,10635.0,10688.42857142857,-41.6285564999036,-11.800014928667046
2023-12-05,True,10761.0,10761.0,10736.714285714284,19.8789131546249,4.406801131090685
2023-12-06,True,10832.0,10832.0,10781.714285714286,54.83913724426068,-4.553422958546911
2023-12-07,True,10897.0,10897.0,10823.42857142857,53.847546019026026,19.723882552403325
2023-12-08,False,,10888.333333333334,10875.285714285714,12.423425071945877,0.6241939756742969
2023-12-09,False,,10879.666666666666,10920.42857142857,-28.97323761910456,-11.78866714280003
2023-12-10,True,10871.0,10871.0,10971.857142857141,-70.38722737084932,-30.46991548629198
2023-12-11,True,10998.0,10998.0,11021.142857142857,-41.6285564999036,18.48569935704672
2023-12-12,True,11077.0,11077.0,11064.52380952381,19.8789131546249,-7.402722678434078
2023-12-13,True,11192.0,11192.0,11102.0,54.83913724426068,35.16086275573932
2023-12-14,True,11242.0,11242.0,11133.571428571428,53.847546019026026,54.58102540954644
2023-12-15,False,,11192.0,11155.142857142857,12.423425071945877,24.43371778519724
2023-12-16,False,,11142.0,11185.714285714284,-28.97323761910456,-14.741048095179856
2023-12-17,True,11092.0,11092.0,11231.999999999998,-70.38722737084932,-69.61277262914886
2023-12-18,True,11149.0,11149.0,11251.0,-41.6285564999036,-60.3714435000964
2023-12-19,True,11291.0,11291.0,11268.892857142855,19.8789131546249,2.2282297025200357
2023-12-20,True,11516.0,11516.0,11285.67857142857,54.83913724426068,175.48229132716867
2023-12-21,True,11375.0,11375.0,11301.357142857141,53.847546019026026,19.795311123832676
2023-12-22,False,,11317.25,11300.642857142857,12.423425071945877,4.18371778519724
2023-12-23,False,,11259.5,11290.071428571428,-28.97323761910456,-1.5981909523229731
2023-12-24,False,,11201.75,11245.785714285714,-70.38722737084932,26.35151308513555
2023-12-25,True,11144.0,11144.0,11225.071428571428,-41.6285564999036,-39.44287207152393
2023-12-26,True,11217.0,11217.0,11199.749999999998,19.8789131546249,-2.6289131546230813
2023-12-27,True,11206.0,11206.0,11169.821428571428,54.83913724426068,-18.66056581568821
2023-12-28,True,11230.0,11230.0,11135.285714285714,53.847546019026026,40.86673969526021
2023-12-29,False,,11140.0,11096.142857142857,12.423425071945877,31.43371778519724
2023-12-30,False,,11050.0,11032.285714285714,-28.97323761910456,46.68752333339079
2023-12-31,False,,10960.0,10962.571428571426,-70.38722737084932,67.8157987994236
2024-01-01,True,10870.0,10870.0,10866.571428571428,-41.6285564999036,45.05712792847607
2024-01-02,True,10770.0,10770.0,10741.142857142857,19.8789131546249,8.978229702518217
2024-01-03,True,10718.0,10718.0,10586.285714285714,54.83913724426068,76.87514847002555
2024-01-04,True,10558.0,10558.0,10402.0,53.847546019026026,102.15245398097397
2024-01-05,False,,10262.0,10230.571428571428,12.423425071945877,19.00514635662659
2024-01-06,False,,9966.0,10022.142857142857,-28.97323761910456,-27.169619523752324
2024-01-07,True,9670.0,9670.0,9797.285714285714,-70.38722737084932,-56.89848691486445
2024-01-08,True,9670.0,9670.0,9550.285714285714,-41.6285564999036,161.34284221418983
2024-01-09,True,9311.0,9311.0,9317.142857142857,19.8789131546249,-26.021770297481783
2024-01-10,True,9144.0,9144.0,9097.857142857141,54.83913724426068,-8.696280101401975
2024-01-11,True,8829.0,8829.0,8892.428571428572,53.847546019026026,-117.2761174475985
2024-01-12,False,,8630.0,8658.571428571428,12.423425071945877,-40.99485364337341
2024-01-13,False,,8431.0,8490.285714285714,-28.97323761910456,-30.312476666609207
2024-01-14,False,,8232.0,8337.142857142857,-70.38722737084932,-34.755629772007566
2024-01-15,True,8033.0,8033.0,8224.714285714286,-41.6285564999036,-150.08572921438264
2024-01-16,True,8133.0,8133.0,8137.476190476191,19.8789131546249,-24.355103630815723
2024-01-17,True,8072.0,8072.0,8075.428571428572,54.83913724426068,-58.267708672832235
2024-01-18,True,8042.0,8042.0,8038.571428571428,53.847546019026026,-50.41897459045447
2024-01-19,False,,8019.333333333333,8035.0,12.423425071945877,-28.09009173861285
2024-01-20,False,,7996.666666666667,8035.0,-28.97323761910456,-9.360095714228471
2024-01-21,True,7974.0,7974.0,8055.0,-70.38722737084932,-10.612772629150683
2024-01-22,True,8008.0,8008.0,8074.714285714285,-41.6285564999036,-25.085729214381722
2024-01-23,True,8133.0,8133.0,8089.285714285714,19.8789131546249,23.835372559661334
2024-01-24,True,8212.0,8212.0,8098.714285714285,54.83913724426068,58.446577041454
2024-01-25,True,8180.0,8180.0,8103.0,53.847546019026026,23.152453980973974
2024-01-26,False,,8121.333333333333,8110.0,12.423425071945877,-1.0900917386128466
2024-01-27,False,,8062.666666666667,8117.0,-28.97323761910456,-25.36009571422847
2024-01-28,True,8004.0,8004.0,8108.571428571428,-70.38722737084932,-34.184201200579125
2024-01-29,True,8057.0,8057.0,8086.571428571428,-41.6285564999036,12.057127928475161
2024-01-30,True,8182.0,8182.0,8062.809523809524,19.8789131546249,99.31156303585125
2024-01-31,True,8153.0,8153.0,8037.285714285714,54.83913724426068,60.87514847002556
2024-02-01,True,8026.0,8026.0,8010.0,53.847546019026026,-37.847546019026026
2024-02-02,False,,7955.0,7983.571428571428,12.423425071945877,-40.99485364337432
2024-02-03,False,,7884.0,7964.0,-28.97323761910456,-51.02676238089544
2024-02-04,True,7813.0,7813.0,7964.999999999999,-70.38722737084932,-81.61277262914977
2024-02-05,True,7872.0,7872.0,7988.142857142855,-41.6285564999036,-74.51430064295147
2024-02-06,True,8045.0,8045.0,8015.142857142856,19.8789131546249,9.978229702519126
2024-02-07,True,8160.0,8160.0,8045.999999999999,54.83913724426068,59.16086275574023
2024-02-08,True,8188.0,8188.0,8080.714285714285,53.847546019026026,53.43816826668865
2024-02-09,False,,8144.0,8112.142857142857,12.423425071945877,19.43371778519724
2024-02-10,False,,8100.0,8155.428571428571,-28.97323761910456,-26.45533380946609
2024-02-11,True,8056.0,8056.0,8205.714285714286,-70.38722737084932,-79.32705834343692
2024-02-12,True,8092.0,8092.0,8245.0,-41.6285564999036,-111.3714435000964
2024-02-13,True,8348.0,8348.0,8287.607142857143,19.8789131546249,40.513943988231986
2024-02-14,True,8512.0,8512.0,8333.535714285714,54.83913724426068,123.62514847002555
2024-02-15,True,8463.0,8463.0,8382.785714285714,53.847546019026026,26.366739695260208
2024-02-16,False,,8442.25,8423.928571428572,12.423425071945877,5.898003499481655
2024-02-17,False,,8421.5,8443.928571428572,-28.97323761910456,6.544666190532091
2024-02-18,False,,8400.75,8452.642857142857,-70.38722737084932,18.494370227992434
2024-02-19,True,8380.0,8380.0,8473.214285714284,-41.6285564999036,-51.58572921438081
2024-02-20,True,8488.0,8488.0,8487.083333333332,19.8789131546249,-18.96224648795702
2024-02-21,True,8573.0,8573.0,8494.25,54.83913724426068,23.910862755739323
2024-02-22,True,8607.0,8607.0,8494.714285714286,53.847546019026026,58.43816826668774
2024-02-23,False,,8539.333333333334,8498.142857142857,12.423425071945877,28.767051118531178
2024-02-24,False,,8471.666666666666,8521.285714285714,-28.97323761910456,-20.645809999943147
2024-02-25,True,8404.0,8404.0,8539.285714285714,-70.38722737084932,-64.89848691486445
2024-02-26,True,8404.0,8404.0,8555.999999999998,-41.6285564999036,-110.37144350009459
2024-02-27,True,8650.0,8650.0,8576.190476190475,19.8789131546249,53.930610654899866
2024-02-28,True,8699.0,8699.0,8599.857142857141,54.83913724426068,44.303719898598025
2024-02-29,True,8724.0,8724.0,8627.0,53.847546019026026,43.152453980973974
2024-03-01,False,,8680.666666666666,8663.571428571428,12.423425071945877,4.671813023292652
2024-03-02,False,,8637.333333333334,8685.0,-28.97323761910456,-18.6934290475615
2024-03-03,True,8594.0,8594.0,8709.42857142857,-70.38722737084932,-45.04134405772133
2024-03-04,True,8660.0,8660.0,8734.857142857141,-41.6285564999036,-33.228586357237695
2024-03-05,True,8800.0,8800.0,8757.52380952381,19.8789131546249,22.597277321565922
2024-03-06,True,8870.0,8870.0,8777.42857142857,54.83913724426068,37.732291327168674
2024-03-07,True,8902.0,8902.0,8794.571428571428,53.847546019026026,53.58102540954644
2024-03-08,False,,8839.333333333334,8808.428571428572,12.423425071945877,18.481336832815593
2024-03-09,False,,8776.666666666666,8814.57142857143,-28.97323761910456,-8.931524285658732
2024-03-10,True,8714.0,8714.0,8807.285714285714,-70.38722737084932,-22.89848691486445
2024-03-11,True,8757.0,8757.0,8777.714285714286,-41.6285564999036,20.91427078561737
2024-03-12,True,8843.0,8843.0,8741.761904761905,19.8789131546249,81.35918208347051
2024-03-13,True,8819.0,8819.0,8699.42857142857,54.83913724426068,64.73229132716867
2024-03-14,True,8695.0,8695.0,8650.714285714286,53.847546019026026,-9.56183173331226
2024-03-15,False,,8587.666666666666,8590.142857142857,12.423425071945877,-14.8996155481367
2024-03-16,False,,8480.333333333334,8525.428571428572,-28.97323761910456,-16.12200047613397
2024-03-17,True,8373.0,8373.0,8460.571428571428,-70.38722737084932,-17.184201200578215
2024-03-18,True,8333.0,8333.0,8403.0,-41.6285564999036,-28.371443500096397
2024-03-19,True,8390.0,8390.0,8342.047619047618,19.8789131546249,28.073467797756745
2024-03-20,True,8365.0,8365.0,8277.714285714286,54.83913724426068,32.44657704145309
2024-03-21,True,8292.0,8292.0,8210.0,53.847546019026026,28.152453980973974
2024-03-22,False,,8161.0,8148.0,12.423425071945877,0.5765749280541232
2024-03-23,False,,8030.0,8080.714285714286,-28.97323761910456,-21.741048095181675
2024-03-24,True,7899.0,7899.0,8013.285714285715,-70.38722737084932,-43.89848691486536
2024-03-25,True,7899.0,7899.0,7937.571428571428,-41.6285564999036,3.057127928475161
2024-03-26,True,7919.0,7919.0,7856.523809523809,19.8789131546249,42.597277321565926
2024-03-27,True,7893.0,7893.0,7770.142857142857,54.83913724426068,68.01800561288243
2024-03-28,True,7762.0,7762.0,7678.428571428571,53.847546019026026,29.723882552403325
2024-03-29,False,,7593.666666666667,7588.714285714284,12.423425071945877,-7.471044119563322
2024-03-30,False,,7425.333333333333,7505.999999999999,-28.97323761910456,-51.6934290475615
2024-03-31,True,7257.0,7257.0,7427.857142857142,-70.38722737084932,-100.46991548629289
2024-04-01,True,7271.0,7271.0,7364.285714285714,-41.6285564999036,-51.65715778581016
2024-04-02,True,7340.0,7340.0,7308.809523809522,19.8789131546249,11.311563035853066
2024-04-03,True,7346.0,7346.0,7261.42857142857,54.83913724426068,29.732291327169584
2024-04-04,True,7317.0,7317.0,7222.142857142857,53.847546019026026,41.00959683811709
2024-04-05,False,,7205.333333333333,7181.714285714286,12.423425071945877,11.19562254710092
2024-04-06,False,,7093.666666666667,7139.285714285714,-28.97323761910456,-16.645809999942237
2024-04-07,True,6982.0,6982.0,7089.714285714286,-70.38722737084932,-37.32705834343692
2024-04-08,True,6988.0,6988.0,7031.857142857143,-41.6285564999036,-2.2285863572395144
2024-04-09,True,7043.0,7043.0,6976.52380952381,19.8789131546249,46.59727732156502
2024-04-10,True,6999.0,6999.0,6923.714285714285,54.83913724426068,20.446577041454
2024-04-11,True,6912.0,6912.0,6873.428571428571,53.847546019026026,-15.276117447596675
2024-04-12,False,,6818.0,6829.571428571428,12.423425071945877,-23.99485364337432
2024-04-13,False,,6724.0,6778.428571428572,-28.97323761910456,-25.455333809467
2024-04-14,True,6630.0,6630.0,6739.285714285714,-70.38722737084932,-38.89848691486445
2024-04-15,True,6681.0,6681.0,6712.999999999999,-41.6285564999036,9.628556499904512
2024-04-16,True,6685.0,6685.0,6700.95238095238,19.8789131546249,-35.83129410700472
2024-04-17,True,6725.0,6725.0,6703.142857142857,54.83913724426068,-32.98199438711756
2024-04-18,True,6728.0,6728.0,6719.5714285714275,53.847546019026026,-45.41897459045356
2024-04-19,False,,6733.666666666667,6736.428571428571,12.423425071945877,-15.185329833849556
2024-04-20,False,,6739.333333333333,6776.714285714284,-28.97323761910456,-8.407714761846826
2024-04-21,True,6745.0,6745.0,6834.285714285714,-70.38722737084932,-18.89848691486445
2024-04-22,True,6799.0,6799.0,6903.0,-41.6285564999036,-62.3714435000964
2024-04-23,True,6967.0,6967.0,6975.142857142857,19.8789131546249,-28.021770297481783
2024-04-24,True,7128.0,7128.0,7050.714285714285,54.83913724426068,22.446577041454
2024-04-25,True,7209.0,7209.0,7129.714285714284,53.847546019026026,25.43816826668956
2024-04-26,False,,7238.666666666667,7211.714285714286,12.423425071945877,14.528955880434859
2024-04-27,False,,7268.333333333333,7277.999999999999,-28.97323761910456,19.3065709524385
2024-04-28,True,7298.0,7298.0,7332.285714285714,-70.38722737084932,36.10151308513555
2024-04-29,True,7373.0,7373.0,7384.857142857142,-41.6285564999036,29.771413642761395
2024-04-30,True,7431.0,7431.0,7427.0,19.8789131546249,-15.8789131546249
2024-05-01,True,7508.0,7508.0,7458.714285714286,54.83913724426068,-5.553422958546911
2024-05-02,True,7577.0,7577.0,7480.0,53.847546019026026,43.152453980973974
2024-05-03,False,,7533.666666666667,7490.857142857143,12.423425071945877,30.386098737577974
2024-05-04,False,,7490.333333333333,7510.142857142858,-28.97323761910456,9.163713809579797
2024-05-05,True,7447.0,7447.0,7520.857142857143,-70.38722737084932,-3.4699154862938
2024-05-06,True,7449.0,7449.0,7519.857142857142,-41.6285564999036,-29.228586357238605
2024-05-07,True,7566.0,7566.0,7520.000000000001,19.8789131546249,26.12108684537419
2024-05-08,True,7583.0,7583.0,7521.285714285714,54.83913724426068,6.875148470025557
2024-05-09,True,7570.0,7570.0,7523.714285714284,53.847546019026026,-7.5618317333104415
2024-05-10,False,,7534.666666666667,7530.857142857141,12.423425071945877,-8.613901262420205
2024-05-11,False,,7499.333333333333,7527.999999999998,-28.97323761910456,0.306570952439408
2024-05-12,True,7464.0,7464.0,7528.857142857141,-70.38722737084932,5.530084513708019
2024-05-13,True,7499.0,7499.0,7528.142857142856,-41.6285564999036,12.48569935704763
2024-05-14,True,7546.0,7546.0,7522.523809523808,19.8789131546249,3.597277321566832
2024-05-15,True,7589.0,7589.0,7511.999999999999,54.83913724426068,22.160862755740233
2024-05-16,True,7565.0,7565.0,7496.571428571428,53.847546019026026,14.581025409545532
2024-05-17,False,,7495.333333333333,7477.857142857142,12.423425071945877,5.052765404244946
2024-05-18,False,,7425.666666666667,7457.5714285714275,-28.97323761910456,-2.9315242856560033
2024-05-19,True,7356.0,7356.0,7441.142857142856,-70.38722737084932,-14.755629772006657
2024-05-20,True,7368.0,7368.0,7430.999999999999,-41.6285564999036,-21.371443500095488
2024-05-21,True,7404.0,7404.0,7426.20238095238,19.8789131546249,-42.08129410700472
2024-05-22,True,7474.0,7474.0,7426.749999999999,54.83913724426068,-7.589137244259767
2024-05-23,True,7494.0,7494.0,7432.642857142856,53.847546019026026,7.509596838118
2024-05-24,False,,7461.75,7432.214285714285,12.423425071945877,17.112289213768797
2024-05-25,False,,7429.5,7434.214285714284,-28.97323761910456,24.258951904820144
2024-05-26,False,,7397.25,7436.642857142856,-70.38722737084932,30.994370227993343
2024-05-27,True,7365.0,7365.0,7446.499999999999,-41.6285564999036,-39.87144350009549
2024-05-28,True,7418.0,7418.0,7460.1547619047615,19.8789131546249,-62.03367505938637
2024-05-29,True,7491.0,7491.0,7477.607142857142,54.83913724426068,-41.446280101402884
2024-05-30,True,7563.0,7563.0,7498.857142857143,53.847546019026026,10.295311123830857
2024-05-31,False,,7557.333333333333,7531.857142857142,12.423425071945877,13.052765404244946
2024-06-01,False,,7551.666666666667,7552.857142857142,-28.97323761910456,27.78276142862932
2024-06-02,True,7546.0,7546.0,7581.428571428571,-70.38722737084932,34.95865594227867
2024-06-03,True,7596.0,7596.0,7606.857142857142,-41.6285564999036,30.771413642761395
2024-06-04,True,7565.0,7565.0,7619.285714285714,19.8789131546249,-74.16462744033866
2024-06-05,True,7691.0,7691.0,7618.714285714285,54.83913724426068,17.446577041454
2024-06-06,True,7741.0,7741.0,7605.142857142858,53.847546019026026,82.00959683811618
2024-06-07,False,,7644.333333333333,7582.714285714285,12.423425071945877,49.19562254710183
2024-06-08,False,,7547.666666666667,7572.428571428572,-28.97323761910456,4.21133285719997
2024-06-09,True,7451.0,7451.0,7552.0,-70.38722737084932,-30.612772629150683
2024-06-10,True,7439.0,7439.0,7523.857142857142,-41.6285564999036,-43.228586357238605
2024-06-11,True,7493.0,7493.0,7498.238095238095,19.8789131546249,-25.11700839272031
2024-06-12,True,7548.0,7548.0,7475.142857142857,54.83913724426068,18.01800561288244
2024-06-13,True,7544.0,7544.0,7454.571428571428,53.847546019026026,35.58102540954553
2024-06-14,False,,7465.0,7437.285714285714,12.423425071945877,15.290860642340357
2024-06-15,False,,7386.0,7415.428571428572,-28.97323761910456,-0.45533380946699964
2024-06-16,True,7307.0,7307.0,7399.0,-70.38722737084932,-21.612772629150683
2024-06-17,True,7318.0,7318.0,7382.857142857143,-41.6285564999036,-23.228586357239514
2024-06-18,True,7340.0,7340.0,7369.238095238095,19.8789131546249,-49.11700839272031
2024-06-19,True,7433.0,7433.0,7358.142857142857,54.83913724426068,20.01800561288244
2024-06-20,True,7431.0,7431.0,7349.571428571429,53.847546019026026,27.581025409544623
2024-06-21,False,,7369.666666666667,7338.285714285714,12.423425071945877,18.957527309007325
2024-06-22,False,,7308.333333333333,7323.857142857143,-28.97323761910456,13.449428095294472
2024-06-23,True,7247.0,7247.0,7300.285714285714,-70.38722737084932,17.10151308513555
2024-06-24,True,7239.0,7239.0,7274.142857142858,-41.6285564999036,6.48569935704581
2024-06-25,True,7239.0,7239.0,7238.952380952381,19.8789131546249,-19.831294107005636
2024-06-26,True,7268.0,7268.0,7194.714285714286,54.83913724426068,18.44657704145309
2024-06-27,True,7248.0,7248.0,7141.428571428572,53.847546019026026,52.723882552402415
2024-06-28,False,,7123.333333333333,7082.285714285715,12.423425071945877,28.624193975672476
2024-06-29,False,,6998.666666666667,7022.857142857142,-28.97323761910456,4.782761428629321
2024-06-30,True,6874.0,6874.0,6956.928571428572,-70.38722737084932,-12.541344057722242
2024-07-01,True,6825.0,6825.0,6891.5,-41.6285564999036,-24.871443500096397
2024-07-02,True,6823.0,6823.0,6834.785714285714,19.8789131546249,-31.664627440338666
2024-07-03,False,,6806.5,6786.785714285714,54.83913724426068,-35.12485152997444
2024-07-04,True,6790.0,6790.0,6747.499999999999,53.847546019026026,-11.347546019025117
2024-07-05,False,,6726.333333333333,6717.785714285714,12.423425071945877,-3.8758060243266126
2024-07-06,False,,6662.666666666667,6693.214285714284,-28.97323761910456,-1.5743814285128863
2024-07-07,True,6599.0,6599.0,6670.714285714286,-70.38722737084932,-1.3270583434369172
2024-07-08,True,6617.0,6617.0,6649.285714285715,-41.6285564999036,9.342842214188927
2024-07-09,True,6651.0,6651.0,6621.142857142857,19.8789131546249,9.978229702518217
2024-07-10,True,6649.0,6649.0,6586.285714285714,54.83913724426068,7.875148470025557
2024-07-11,True,6640.0,6640.0,6544.714285714285,53.847546019026026,41.43816826668865
2024-07-12,False,,6529.333333333333,6496.999999999999,12.423425071945877,19.90990826138806
2024-07-13,False,,6418.666666666667,6438.142857142857,-28.97323761910456,9.497047142914646
2024-07-14,True,6308.0,6308.0,6377.999999999999,-70.38722737084932,0.3872273708502263
2024-07-15,True,6283.0,6283.0,6313.071428571428,-41.6285564999036,11.557127928475161
2024-07-16,True,6239.0,6239.0,6257.880952380951,19.8789131546249,-38.75986553557628
2024-07-17,True,6228.0,6228.0,6212.428571428572,54.83913724426068,-39.267708672832235
2024-07-18,False,,6185.5,6176.714285714285,53.847546019026026,-45.06183173331135
2024-07-19,False,,6143.0,6136.571428571428,12.423425071945877,-5.994853643374318
2024-07-20,False,,6100.5,6097.428571428571,-28.97323761910456,32.04466619053391
2024-07-21,True,6058.0,6058.0,6054.428571428571,-70.38722737084932,73.95865594227867
2024-07-22,True,6002.0,6002.0,6021.357142857142,-41.6285564999036,22.271413642761395
2024-07-23,True,5965.0,5965.0,5984.309523809523,19.8789131546249,-39.18843696414784
2024-07-24,True,5927.0,5927.0,5943.285714285714,54.83913724426068,-71.12485152997445
2024-07-25,True,5954.0,5954.0,5898.285714285715,53.847546019026026,1.866739695259298
2024-07-26,False,,5883.666666666667,5872.142857142857,12.423425071945877,-0.8996155481357899
2024-07-27,False,,5813.333333333333,5867.142857142857,-28.97323761910456,-24.836286190419294
2024-07-28,True,5743.0,5743.0,5872.285714285714,-70.38722737084932,-58.89848691486445
2024-07-29,True,5819.0,5819.0,5881.142857142858,-41.6285564999036,-20.51430064295419
2024-07-30,True,5930.0,5930.0,5896.571428571428,19.8789131546249,13.549658273946658
2024-07-31,True,5963.0,5963.0,5918.5714285714275,54.83913724426068,-10.410565815688209
2024-08-01,True,6016.0,6016.0,5947.142857142857,53.847546019026026,15.00959683811709
2024-08-02,False,,5991.666666666667,5965.857142857143,12.423425071945877,13.386098737577976
2024-08-03,False,,5967.333333333333,5975.571428571429,-28.97323761910456,20.735142381008238
2024-08-04,True,5943.0,5943.0,5986.285714285715,-70.38722737084932,27.10151308513464
2024-08-05,True,5950.0,5950.0,5996.0,-41.6285564999036,-4.371443500096397
2024-08-06,True,5998.0,5998.0,6000.142857142857,19.8789131546249,-22.021770297481783
2024-08-07,True,6038.0,6038.0,5998.714285714285,54.83913724426068,-15.553422958546001
2024-08-08,True,6084.0,6084.0,5991.714285714285,53.847546019026026,38.43816826668865
2024-08-09,False,,6020.666666666667,5985.0,12.423425071945877,23.24324159472109
2024-08-10,False,,5957.333333333333,5982.571428571428,-28.97323761910456,3.7351423810091475
2024-08-11,True,5894.0,5894.0,5975.285714285714,-70.38722737084932,-10.89848691486445
2024-08-12,True,5903.0,5903.0,5948.285714285714,-41.6285564999036,-3.6571577858101634
2024-08-13,True,5981.0,5981.0,5926.809523809523,19.8789131546249,34.31156303585216
2024-08-14,True,5987.0,5987.0,5910.857142857143,54.83913724426068,21.303719898596206
2024-08-15,True,5895.0,5895.0,5900.428571428572,53.847546019026026,-59.276117447597585
2024-08-16,False,,5870.333333333333,5894.999999999999,12.423425071945877,-37.09009173861194
2024-08-17,False,,5845.666666666667,5897.0,-28.97323761910456,-22.36009571422847
2024-08-18,True,5821.0,5821.0,5902.857142857142,-70.38722737084932,-11.46991548629289
2024-08-19,True,5865.0,5865.0,5925.571428571428,-41.6285564999036,-18.94287207152484
2024-08-20,True,5995.0,5995.0,5954.609523809524,19.8789131546249,20.511563035851065
2024-08-21,True,6028.0,6028.0,5989.971428571428,54.83913724426068,-16.810565815688754
2024-08-22,True,6054.0,6054.0,6031.657142857142,53.847546019026026,-31.504688876168416
2024-08-23,False,,6073.6,6069.857142857142,12.423425071945877,-8.68056792908772
2024-08-24,False,,6093.2,6092.285714285715,-28.97323761910456,29.8875233333897
2024-08-25,False,,6112.8,6120.714285714285,-70.38722737084932,62.472941656564174
2024-08-26,False,,6132.4,6148.714285714286,-41.6285564999036,25.314270785617005
2024-08-27,True,6152.0,6152.0,6171.842857142858,19.8789131546249,-39.72177029748251
2024-08-28,True,6227.0,6227.0,6190.099999999999,54.83913724426068,-17.93913724426013
2024-08-29,True,6250.0,6250.0,6203.485714285714,53.847546019026026,-7.3332603047396105
2024-08-30,False,,6235.5,6211.999999999999,12.423425071945877,11.076574928055033
2024-08-31,False,,6221.0,6229.142857142857,-28.97323761910456,20.830380476247676
2024-09-01,False,,6206.5,6250.285714285714,-70.38722737084932,26.60151308513555
2024-09-02,True,6192.0,6192.0,6278.5714285714275,-41.6285564999036,-44.94287207152393
2024-09-03,True,6272.0,6272.0,6302.452380952381,19.8789131546249,-50.33129410700563
2024-09-04,True,6375.0,6375.0,6321.928571428572,54.83913724426068,-1.767708672832235
2024-09-05,True,6448.0,6448.0,6337.0,53.847546019026026,57.152453980973974
2024-09-06,False,,6402.666666666667,6360.0,12.423425071945877,30.24324159472109
2024-09-07,False,,6357.333333333333,6377.714285714284,-28.97323761910456,8.592285238153174
2024-09-08,True,6312.0,6312.0,6382.714285714285,-70.38722737084932,-0.3270583434360077
2024-09-09,True,6353.0,6353.0,6370.142857142856,-41.6285564999036,24.48569935704763
2024-09-10,True,6396.0,6396.0,6359.190476190475,19.8789131546249,16.930610654899862
2024-09-11,True,6410.0,6410.0,6348.142857142857,54.83913724426068,7.01800561288244
2024-09-12,True,6360.0,6360.0,6336.999999999999,53.847546019026026,-30.847546019025117
2024-09-13,True,6326.0,6326.0,6319.285714285715,12.423425071945877,-5.709139357660552
2024-09-14,False,,6280.0,6295.142857142857,-28.97323761910456,13.830380476247676
2024-09-15,True,6234.0,6234.0,6271.571428571428,-70.38722737084932,32.815798799420875
2024-09-16,True,6229.0,6229.0,6258.714285714284,-41.6285564999036,11.914270785619188
2024-09-17,True,6227.0,6227.0,6237.333333333332,19.8789131546249,-30.21224648795702
2024-09-18,True,6245.0,6245.0,6209.142857142856,54.83913724426068,-18.98199438711665
2024-09-19,True,6270.0,6270.0,6174.142857142857,53.847546019026026,42.00959683811709
2024-09-20,False,,6176.333333333333,6141.714285714285,12.423425071945877,22.195622547101827
2024-09-21,False,,6082.666666666667,6112.571428571428,-28.97323761910456,-0.9315242856569128
2024-09-22,True,5989.0,5989.0,6084.714285714286,-70.38722737084932,-25.327058343436917
2024-09-23,True,6002.0,6002.0,6059.0,-41.6285564999036,-15.371443500096397
2024-09-24,True,6023.0,6023.0,6038.809523809523,19.8789131546249,-35.68843696414784
2024-09-25,True,6050.0,6050.0,6024.142857142857,54.83913724426068,-28.98199438711756
2024-09-26,True,6090.0,6090.0,6014.999999999999,53.847546019026026,21.152453980974883
2024-09-27,False,,6035.0,6010.0,12.423425071945877,12.576574928054123
2024-09-28,False,,5980.0,6012.428571428572,-28.97323761910456,-3.4553338094669996
2024-09-29,True,5925.0,5925.0,6018.285714285715,-70.38722737084932,-22.89848691486536
2024-09-30,True,5967.0,5967.0,6022.285714285714,-41.6285564999036,-13.657157785810163
2024-10-01,True,6040.0,6040.0,6028.785714285714,19.8789131546249,-8.664627440338666
2024-10-02,True,6091.0,6091.0,6037.785714285714,54.83913724426068,-1.6248515299744426
2024-10-03,True,6118.0,6118.0,6049.285714285715,53.847546019026026,14.866739695259298
2024-10-04,False,,6080.5,6049.428571428571,12.423425071945877,18.648003499483472
2024-10-05,False,,6043.0,6045.571428571428,-28.97323761910456,26.401809047676117
2024-10-06,False,,6005.5,6039.285714285715,-70.38722737084932,36.60151308513464
2024-10-07,True,5968.0,5968.0,6033.142857142857,-41.6285564999036,-23.51430064295328
2024-10-08,True,6013.0,6013.0,6023.5,19.8789131546249,-30.3789131546249
2024-10-09,True,6047.0,6047.0,6010.357142857142,54.83913724426068,-18.196280101402884
2024-10-10,True,6075.0,6075.0,5993.714285714284,53.847546019026026,27.43816826668956
2024-10-11,False,,6013.0,5989.0,12.423425071945877,11.576574928054123
2024-10-12,False,,5951.0,5989.0,-28.97323761910456,-9.026762380895441
2024-10-13,True,5889.0,5889.0,5987.428571428571,-70.38722737084932,-28.041344057721332
2024-10-14,True,5935.0,5935.0,5987.5714285714275,-41.6285564999036,-10.94287207152393
2024-10-15,True,6013.0,6013.0,5989.047619047618,19.8789131546249,4.073467797756745
2024-10-16,True,6036.0,6036.0,5991.857142857142,54.83913724426068,-10.696280101402884
2024-10-17,True,6076.0,6076.0,5996.0,53.847546019026026,26.152453980973974
2024-10-18,False,,6023.333333333333,6000.428571428571,12.423425071945877,10.481336832816504
2024-10-19,False,,5970.666666666667,6004.714285714284,-28.97323761910456,-5.074381428512886
2024-10-20,True,5918.0,5918.0,6010.5714285714275,-70.38722737084932,-22.184201200578215
2024-10-21,True,5966.0,5966.0,6007.035714285713,-41.6285564999036,0.5928422141907461
2024-10-22,True,6043.0,6043.0,6007.345238095237,19.8789131546249,15.77584875013839
2024-10-23,True,6077.0,6077.0,6011.5,54.83913724426068,10.660862755739323
2024-10-24,False,,6051.25,6019.5,53.847546019026026,-22.097546019026026
2024-10-25,False,,6025.5,6025.5,12.423425071945877,-12.423425071945877
2024-10-26,False,,5999.75,6034.499999999998,-28.97323761910456,-5.776762380893622
2024-10-27,True,5974.0,5974.0,6044.785714285713,-70.38722737084932,-0.3984869148635397
2024-10-28,True,6008.0,6008.0,6058.607142857143,-41.6285564999036,-8.978586357239514
2024-10-29,True,6106.0,6106.0,6068.583333333332,19.8789131546249,17.53775351204298
2024-10-30,True,6149.0,6149.0,6074.714285714286,54.83913724426068,19.44657704145309
2024-10-31,True,6148.0,6148.0,6077.0,53.847546019026026,17.152453980973974
2024-11-01,False,,6095.333333333333,6076.857142857142,12.423425071945877,6.052765404244946
2024-11-02,False,,6042.666666666667,6068.142857142856,-28.97323761910456,3.497047142915555
2024-11-03,True,5990.0,5990.0,6059.142857142857,-70.38722737084932,1.2443702279924338
2024-11-04,True,6007.0,6007.0,6050.0,-41.6285564999036,-1.3714435000963974
2024-11-05,True,6045.0,6045.0,6044.059523809523,19.8789131546249,-18.938436964147844
2024-11-06,True,6086.0,6086.0,6041.3214285714275,54.83913724426068,-10.160565815688209
2024-11-07,True,6084.0,6084.0,6041.785714285714,53.847546019026026,-11.633260304739792
2024-11-08,False,,6053.75,6035.5,12.423425071945877,5.826574928054123
2024-11-09,False,,6023.5,6025.5,-28.97323761910456,26.97323761910456
2024-11-10,False,,5993.25,6008.357142857143,-70.38722737084932,55.2800845137062
2024-11-11,True,5963.0,5963.0,5999.928571428572,-41.6285564999036,4.699985071332044
2024-11-12,True,5975.0,5975.0,5985.869047619047,19.8789131546249,-30.747960773671696
2024-11-13,True,5966.0,5966.0,5966.178571428571,54.83913724426068,-55.017708672831326
2024-11-14,True,6025.0,6025.0,5940.857142857143,53.847546019026026,30.295311123830857
2024-11-15,False,,5955.333333333333,5920.285714285714,12.423425071945877,22.624193975673386
2024-11-16,False,,5885.666666666667,5901.571428571429,-28.97323761910456,13.068475714342178
2024-11-17,True,5816.0,5816.0,5889.142857142857,-70.38722737084932,-2.755629772007566
2024-11-18,True,5819.0,5819.0,5864.142857142857,-41.6285564999036,-3.5143006429532804
2024-11-19,True,5844.0,5844.0,5840.2380952380945,19.8789131546249,-16.117008392719402
2024-11-20,True,5879.0,5879.0,5817.428571428571,54.83913724426068,6.732291327168674
2024-11-21,True,5850.0,5850.0,5795.714285714285,53.847546019026026,0.43816826668864906
2024-11-22,False,,5788.0,5780.857142857142,12.423425071945877,-5.280567929088084
2024-11-23,False,,5726.0,5778.285714285714,-28.97323761910456,-23.312476666609207
2024-11-24,True,5664.0,5664.0,5775.857142857142,-70.38722737084932,-41.46991548629289
2024-11-25,True,5715.0,5715.0,5792.000000000001,-41.6285564999036,-35.37144350009731
2024-11-26,True,5826.0,5826.0,5818.095238095238,19.8789131546249,-11.974151249862519
2024-11-27,True,5862.0,5862.0,5854.142857142857,54.83913724426068,-46.98199438711756
2024-11-28,True,5963.0,5963.0,5900.142857142857,53.847546019026026,9.00959683811709
2024-11-29,False,,5970.666666666667,5949.571428571428,12.423425071945877,8.671813023292652
2024-11-30,False,,5978.333333333333,6001.857142857143,-28.97323761910456,5.449428095294472
2024-12-01,True,5986.0,5986.0,6060.0,-70.38722737084932,-3.612772629150683
2024-12-02,True,6061.0,6061.0,6109.571428571428,-41.6285564999036,-6.942872071524839
2024-12-03,True,6192.0,6192.0,6156.9047619047615,19.8789131546249,15.216324940613628
2024-12-04,True,6269.0,6269.0,6202.0,54.83913724426068,12.160862755739323
2024-12-05,True,6310.0,6310.0,6244.857142857143,53.847546019026026,11.295311123830857
2024-12-06,False,,6302.0,6274.428571428572,12.423425071945877,15.148003499482565
2024-12-07,False,,6294.0,6291.285714285715,-28.97323761910456,31.687523333389883
2024-12-08,True,6286.0,6286.0,6310.285714285714,-70.38722737084932,46.10151308513555
2024-12-09,True,6268.0,6268.0,6334.714285714286,-41.6285564999036,-25.08572921438263
2024-12-10,True,6310.0,6310.0,6356.809523809524,19.8789131546249,-66.68843696414875
2024-12-11,True,6402.0,6402.0,6376.5714285714275,54.83913724426068,-29.41056581568821
2024-12-12,True,6481.0,6481.0,6393.999999999999,53.847546019026026,33.15245398097488
2024-12-13,False,,6456.666666666667,6420.571428571428,12.423425071945877,23.67181302329265
2024-12-14,False,,6432.333333333333,6448.571428571428,-28.97323761910456,12.735142381009148
2024-12-15,True,6408.0,6408.0,6476.571428571428,-70.38722737084932,1.8157987994208753
2024-12-16,True,6454.0,6454.0,6493.571428571428,-41.6285564999036,2.057127928475161
2024-12-17,True,6506.0,6506.0,6513.809523809524,19.8789131546249,-27.688436964148753
2024-12-18,True,6598.0,6598.0,6537.285714285714,54.83913724426068,5.875148470025557
2024-12-19,True,6600.0,6600.0,6563.999999999999,53.847546019026026,-17.847546019025117
2024-12-20,False,,6598.333333333333,6577.428571428571,12.423425071945877,8.481336832816504
2024-12-21,False,,6596.666666666667,6594.0,-28.97323761910456,31.63990428577153
2024-12-22,True,6595.0,6595.0,6607.0,-70.38722737084932,58.38722737084932
2024-12-23,True,6548.0,6548.0,6622.285714285714,-41.6285564999036,-32.65715778581016
2024-12-24,True,6622.0,6622.0,6626.285714285714,19.8789131546249,-24.164627440338666
2024-12-25,True,6689.0,6689.0,6619.0,54.83913724426068,15.160862755739323
2024-12-26,True,6707.0,6707.0,6600.428571428572,53.847546019026026,52.723882552402415
2024-12-27,False,,6626.333333333333,6586.999999999999,12.423425071945877,26.90990826138806
2024-12-28,False,,6545.666666666667,6559.5,-28.97323761910456,15.139904285771529
2024-12-29,True,6465.0,6465.0,6518.928571428571,-70.38722737084932,16.458655942278668
2024-12-30,True,6454.0,6454.0,6459.642857142857,-41.6285564999036,35.98569935704672
2024-12-31,False,,6429.5,6392.357142857142,19.8789131546249,17.263943988232892
2025-01-01,True,6405.0,6405.0,6317.071428571428,54.83913724426068,33.08943418431088
2025-01-02,True,6292.0,6292.0,6233.785714285714,53.847546019026026,4.3667396952602076
2025-01-03,False,,6155.333333333333,6135.928571428571,12.423425071945877,6.981336832816504
2025-01-04,False,,6018.666666666667,6032.142857142856,-28.97323761910456,15.497047142915555
2025-01-05,True,5882.0,5882.0,5917.857142857142,-70.38722737084932,34.53008451370711
2025-01-06,True,5769.0,5769.0,5805.714285714284,-41.6285564999036,4.914270785619188
2025-01-07,True,5703.0,5703.0,5693.333333333333,19.8789131546249,-10.21224648795793
2025-01-08,True,5605.0,5605.0,5580.714285714285,54.83913724426068,-30.553422958546
2025-01-09,True,5507.0,5507.0,5467.857142857143,53.847546019026026,-14.704688876169143
2025-01-10,False,,5368.666666666667,5360.714285714285,12.423425071945877,-4.471044119564231
2025-01-11,False,,5230.333333333333,5254.142857142857,-28.97323761910456,5.163713809580706
2025-01-12,True,5092.0,5092.0,5153.857142857143,-70.38722737084932,8.5300845137062
2025-01-13,True,5019.0,5019.0,5064.428571428571,-41.6285564999036,-3.8000149286670464
2025-01-14,True,4957.0,4957.0,4982.714285714286,19.8789131546249,-45.59319886891113
2025-01-15,True,4903.0,4903.0,4908.714285714285,54.83913724426068,-60.553422958546
2025-01-16,True,4881.0,4881.0,4842.428571428571,53.847546019026026,-15.276117447596675
2025-01-17,False,,4796.666666666667,4788.0,12.423425071945877,-3.756758405278907
2025-01-18,False,,4712.333333333333,4755.285714285715,-28.97323761910456,-13.979143333277086
2025-01-19,True,4628.0,4628.0,4728.714285714286,-70.38722737084932,-30.327058343436917
2025-01-20,True,4638.0,4638.0,4691.571428571428,-41.6285564999036,-11.942872071524839
2025-01-21,True,4728.0,4728.0,4648.380952380952,19.8789131546249,59.74013446442281
2025-01-22,True,4717.0,4717.0,4599.142857142857,54.83913724426068,63.01800561288244
2025-01-23,True,4621.0,4621.0,4543.857142857143,53.847546019026026,23.295311123830857
2025-01-24,False,,4494.333333333333,4475.714285714285,12.423425071945877,6.195622547101829
2025-01-25,False,,4367.666666666667,4385.428571428572,-28.97323761910456,11.21133285719997
2025-01-26,True,4241.0,4241.0,4288.142857142857,-70.38722737084932,23.244370227992434
2025-01-27,True,4161.0,4161.0,4188.428571428572,-41.6285564999036,14.199985071332044
2025-01-28,True,4096.0,4096.0,4085.8571428571427,19.8789131546249,-9.736056011767563
2025-01-29,True,4036.0,4036.0,3980.4285714285716,54.83913724426068,0.7322913271677649
2025-01-30,True,3923.0,3923.0,3872.142857142857,53.847546019026026,-2.9904031618829094
2025-01-31,False,,3776.3333333333335,3763.857142857143,12.423425071945877,0.052765404244491165
2025-02-01,False,,3629.6666666666665,3658.571428571428,-28.97323761910456,0.06847571434308719
2025-02-02,True,3483.0,3483.0,3551.9999999999995,-70.38722737084932,1.3872273708497715
2025-02-03,True,3403.0,3403.0,3446.0,-41.6285564999036,-1.3714435000963974
2025-02-04,True,3359.0,3359.0,3346.5238095238096,19.8789131546249,-7.402722678434532
2025-02-05,True,3290.0,3290.0,3253.5714285714284,54.83913724426068,-18.410565815689118
2025-02-06,True,3181.0,3181.0,3167.142857142857,53.847546019026026,-39.99040316188291
2025-02-07,False,,3080.0,3085.8571428571427,12.423425071945877,-18.28056792908854
2025-02-08,False,,2979.0,3005.857142857142,-28.97323761910456,2.1160947619623514
2025-02-09,True,2878.0,2878.0,2929.0,-70.38722737084932,19.387227370849317
2025-02-10,True,2834.0,2834.0,2860.7142857142853,-41.6285564999036,14.914270785618278
2025-02-11,True,2799.0,2799.0,2800.7499999999995,19.8789131546249,-21.628913154624446
2025-02-12,True,2752.0,2752.0,2749.107142857143,54.83913724426068,-51.946280101403794
2025-02-13,True,2703.0,2703.0,2705.7857142857138,53.847546019026026,-56.63326030473979
2025-02-14,False,,2660.25,2662.642857142857,12.423425071945877,-14.81628221480276
2025-02-15,False,,2617.5,2625.0714285714284,-28.97323761910456,21.401809047676117
2025-02-16,False,,2574.75,2593.0714285714284,-70.38722737084932,52.065798799420875
2025-02-17,True,2532.0,2532.0,2566.9285714285716,-41.6285564999036,6.699985071332044
2025-02-18,True,2536.0,2536.0,2542.273809523809,19.8789131546249,-26.152722678434078
2025-02-19,True,2528.0,2528.0,2519.1071428571427,54.83913724426068,-45.94628010140334
2025-02-20,True,2520.0,2520.0,2497.4285714285716,53.847546019026026,-31.276117447597585
2025-02-21,False,,2487.6666666666665,2480.428571428571,12.423425071945877,-5.185329833850465
2025-02-22,False,,2455.3333333333335,2462.8571428571427,-28.97323761910456,21.44942809529538
2025-02-23,True,2423.0,2423.0,2446.1428571428573,-70.38722737084932,47.24437022799198
2025-02-24,True,2413.0,2413.0,2427.714285714286,-41.6285564999036,26.914270785617823
2025-02-25,True,2413.0,2413.0,2409.4285714285716,19.8789131546249,-16.30748458319646
2025-02-26,True,2411.0,2411.0,2391.285714285714,54.83913724426068,-35.1248515299749
2025-02-27,True,2391.0,2391.0,2373.2857142857147,53.847546019026026,-36.1332603047407
2025-02-28,False,,2359.6666666666665,2355.285714285714,12.423425071945877,-8.042472690993582
2025-03-01,False,,2328.3333333333335,2335.1428571428573,-28.97323761910456,22.163713809580706
2025-03-02,True,2297.0,2297.0,2310.4285714285716,-70.38722737084932,56.95865594227776
2025-03-03,True,2287.0,2287.0,2285.714285714286,-41.6285564999036,42.91427078561782
2025-03-04,True,2272.0,2272.0,2261.6190476190477,19.8789131546249,-9.497960773672606
2025-03-05,True,2238.0,2238.0,2238.142857142857,54.83913724426068,-54.98199438711756
2025-03-06,True,2218.0,2218.0,2215.285714285714,53.847546019026026,-51.13326030474025
2025-03-07,False,,2191.0,2192.142857142857,12.423425071945877,-13.56628221480276
2025-03-08,False,,2164.0,2169.8571428571427,-28.97323761910456,23.116094761961897
2025-03-09,True,2137.0,2137.0,2151.9999999999995,-70.38722737084932,55.38722737084977
2025-03-10,True,2125.0,2125.0,2137.4285714285716,-41.6285564999036,29.199985071332044
2025-03-11,True,2116.0,2116.0,2126.7619047619046,19.8789131546249,-30.64081791652949
2025-03-12,True,2113.0,2113.0,2120.0,54.83913724426068,-61.83913724426068
2025-03-13,True,2116.0,2116.0,2117.142857142857,53.847546019026026,-54.99040316188291
2025-03-14,False,,2116.3333333333335,2115.142857142857,12.423425071945877,-11.232948881469275
2025-03-15,False,,2116.6666666666665,2114.142857142857,-28.97323761910456,31.49704714291419
2025-03-16,True,2117.0,2117.0,2115.0,-70.38722737084932,72.38722737084932
2025-03-17,True,2111.0,2111.0,2116.1428571428573,-41.6285564999036,36.485699357046265
2025-03-18,True,2109.0,2109.0,2117.809523809524,19.8789131546249,-28.688436964148753
2025-03-19,True,2119.0,2119.0,2120.0,54.83913724426068,-55.83913724426068
2025-03-20,True,2124.0,2124.0,2122.7142857142853,53.847546019026026,-52.56183173331135
2025-03-21,False,,2128.0,2126.714285714286,12.423425071945877,-11.137710786231656
2025-03-22,False,,2132.0,2131.857142857143,-28.97323761910456,29.116094761961442
2025-03-23,True,2136.0,2136.0,2137.571428571428,-70.38722737084932,68.81579879942133
2025-03-24,True,2139.0,2139.0,2142.5714285714284,-41.6285564999036,38.05712792847516
2025-03-25,True,2145.0,2145.0,2148.380952380952,19.8789131546249,-23.25986553557674
2025-03-26,True,2159.0,2159.0,2155.0,54.83913724426068,-50.83913724426068
2025-03-27,True,2159.0,2159.0,2162.428571428571,53.847546019026026,-57.27611744759713
2025-03-28,False,,2168.6666666666665,2170.142857142857,12.423425071945877,-13.899615548136245
2025-03-29,False,,2178.3333333333335,2176.7142857142853,-28.97323761910456,30.59228523815272
2025-03-30,True,2188.0,2188.0,2183.714285714286,-70.38722737084932,74.67294165656354
2025-03-31,True,2193.0,2193.0,2192.8571428571427,-41.6285564999036,41.77141364276094
2025-04-01,True,2191.0,2191.0,2201.142857142857,19.8789131546249,-30.021770297481783
2025-04-02,True,2208.0,2208.0,2208.5714285714284,54.83913724426068,-55.41056581568912
2025-04-03,True,2223.0,2223.0,2215.142857142857,53.847546019026026,-45.99040316188291
2025-04-04,False,,2226.6666666666665,2221.4285714285716,12.423425071945877,-7.18532983385092
2025-04-05,False,,2230.3333333333335,2228.857142857143,-28.97323761910456,30.449428095294927
2025-04-06,True,2234.0,2234.0,2235.0,-70.38722737084932,69.38722737084932
2025-04-07,True,2237.0,2237.0,2241.0,-41.6285564999036,37.6285564999036
2025-04-08,True,2243.0,2243.0,2246.7619047619046,19.8789131546249,-23.64081791652949
2025-04-09,True,2251.0,2251.0,2253.142857142857,54.83913724426068,-56.98199438711756
2025-04-10,True,2265.0,2265.0,2260.142857142857,53.847546019026026,-48.99040316188291
2025-04-11,True,2267.0,2267.0,2266.5714285714284,12.423425071945877,-11.994853643374318
2025-04-12,False,,2275.0,2272.714285714286,-28.97323761910456,31.25895190481878
2025-04-13,True,2283.0,2283.0,2278.428571428571,-70.38722737084932,74.95865594227821
2025-04-14,True,2282.0,2282.0,2281.7142857142853,-41.6285564999036,41.91427078561828
2025-04-15,True,2286.0,2286.0,2285.5238095238096,19.8789131546249,-19.402722678434532
2025-04-16,True,2291.0,2291.0,2289.0,54.83913724426068,-52.83913724426068
2025-04-17,True,2288.0,2288.0,2292.142857142857,53.847546019026026,-57.99040316188291
2025-04-18,False,,2293.6666666666665,2295.8571428571427,12.423425071945877,-14.613901262422024
2025-04-19,False,,2299.3333333333335,2298.5714285714284,-28.97323761910456,29.735142381009602
2025-04-20,True,2305.0,2305.0,2299.8571428571427,-70.38722737084932,75.53008451370665
2025-04-21,True,2308.0,2308.0,2300.714285714286,-41.6285564999036,48.91427078561782
2025-04-22,True,2305.0,2305.0,2301.0952380952385,19.8789131546249,-15.974151249863429
2025-04-23,True,2300.0,2300.0,2301.0,54.83913724426068,-55.83913724426068
2025-04-24,True,2294.0,2294.0,2300.428571428571,53.847546019026026,-60.27611744759713
2025-04-25,False,,2296.3333333333335,2300.285714285714,12.423425071945877,-16.375806024326614
2025-04-26,False,,2298.6666666666665,2300.142857142857,-28.97323761910456,27.49704714291419
2025-04-27,True,2301.0,2301.0,2301.4285714285716,-70.38722737084932,69.95865594227776
2025-04-28,True,2307.0,2307.0,2303.1428571428573,-41.6285564999036,45.485699357046265
2025-04-29,True,2304.0,2304.0,2305.904761904762,19.8789131546249,-21.783675059386827
2025-04-30,True,2309.0,2309.0,2309.714285714286,54.83913724426068,-55.553422958546456
2025-05-01,True,2306.0,2306.0,2314.5714285714284,53.847546019026026,-62.41897459045447
2025-05-02,False,,2315.6666666666665,2318.0,12.423425071945877,-14.756758405279362
2025-05-03,False,,2325.3333333333335,2323.0,-28.97323761910456,31.306570952438044
2025-05-04,True,2335.0,2335.0,2326.714285714286,-70.38722737084932,78.67294165656354
2025-05-05,True,2331.0,2331.0,2334.5714285714284,-41.6285564999036,38.05712792847516
2025-05-06,True,2339.0,2339.0,2342.190476190476,19.8789131546249,-23.069389345101047
2025-05-07,True,2335.0,2335.0,2349.5714285714284,54.83913724426068,-69.41056581568913
2025-05-08,True,2361.0,2361.0,2356.714285714286,53.847546019026026,-49.561831733311806
2025-05-09,False,,2369.0,2365.4285714285716,12.423425071945877,-8.851996500517435
2025-05-10,False,,2377.0,2373.285714285714,-28.97323761910456,32.68752333339034
2025-05-11,True,2385.0,2385.0,2381.714285714286,-70.38722737084932,73.67294165656354
2025-05-12,True,2392.0,2392.0,2388.714285714286,-41.6285564999036,44.91427078561782
2025-05-13,True,2394.0,2394.0,2395.8571428571427,19.8789131546249,-21.736056011767563
2025-05-14,True,2394.0,2394.0,2403.142857142857,54.83913724426068,-63.98199438711756
2025-05-15,True,2410.0,2410.0,2410.5714285714284,53.847546019026026,-54.41897459045447
2025-05-16,False,,2419.0,2419.8571428571427,12.423425071945877,-13.280567929088539
2025-05-17,False,,2428.0,2429.5714285714284,-28.97323761910456,27.401809047676117
2025-05-18,True,2437.0,2437.0,2440.0,-70.38722737084932,67.38722737084932
2025-05-19,True,2457.0,2457.0,2449.0,-41.6285564999036,49.6285564999036
2025-05-20,False,,2462.0,2457.6,19.8789131546249,-15.47891315462481
2025-05-21,True,2467.0,2467.0,2465.7999999999997,54.83913724426068,-53.639137244260404
2025-05-22,True,2473.0,2473.0,2473.6,53.847546019026026,-54.447546019025935
2025-05-23,False,,2479.2,2479.4285714285716,12.423425071945877,-12.651996500517617
2025-05-24,False,,2485.4,2485.428571428571,-28.97323761910456,28.944666190533546
2025-05-25,False,,2491.6,2490.0,-70.38722737084932,71.98722737084923
2025-05-26,False,,2497.8,2494.714285714286,-41.6285564999036,44.714270785618005
2025-05-27,True,2504.0,2504.0,2499.5904761904767,19.8789131546249,-15.469389345101593
2025-05-28,True,2499.0,2499.0,2504.6285714285714,54.83913724426068,-60.46770867283205
2025-05-29,True,2506.0,2506.0,2509.828571428571,53.847546019026026,-57.67611744759722
2025-05-30,False,,2513.3333333333335,2512.714285714286,12.423425071945877,-11.804377452898171
2025-05-31,False,,2520.6666666666665,2514.8571428571427,-28.97323761910456,34.78276142862841
2025-06-01,True,2528.0,2528.0,2517.285714285714,-70.38722737084932,81.1015130851351
2025-06-02,True,2518.0,2518.0,2516.8571428571427,-41.6285564999036,42.77141364276094
2025-06-03,True,2519.0,2519.0,2515.5714285714284,19.8789131546249,-16.45034172605334
2025-06-04,True,2516.0,2516.0,2513.428571428571,54.83913724426068,-52.26770867283178
2025-06-05,True,2503.0,2503.0,2510.4285714285716,53.847546019026026,-61.276117447597585
2025-06-06,False,,2504.3333333333335,2510.142857142857,12.423425071945877,-18.232948881469277
2025-06-07,False,,2505.6666666666665,2509.0,-28.97323761910456,25.639904285771074
2025-06-08,True,2507.0,2507.0,2508.530612244898,-70.38722737084932,68.85661512595148
2025-06-09,True,2516.0,2516.0,2510.163265306122,-41.6285564999036,47.465291193781646
2025-06-10,True,2511.0,2511.0,2511.8503401360545,19.8789131546249,-20.729253290679356
2025-06-11,False,,2512.714285714286,2513.5918367346935,54.83913724426068,-55.71668826466841
2025-06-12,False,,2514.4285714285716,2515.3877551020405,53.847546019026026,-54.80672969249497
2025-06-13,False,,2516.1428571428573,2516.142857142857,12.423425071945877,-12.423425071945422
2025-06-14,False,,2517.8571428571427,2517.8571428571427,-28.97323761910456,28.97323761910456
2025-06-15,False,,2519.5714285714284,2517.7551020408164,-70.38722737084932,72.20355390146138
2025-06-16,False,,2521.285714285714,2515.836734693877,-41.6285564999036,47.07753609174069
2025-06-17,True,2523.0,2523.0,2514.006802721088,19.8789131546249,-10.885715875713107
2025-06-18,False,,2512.0,2512.2653061224487,54.83913724426068,-55.10444336670937
2025-06-19,True,2501.0,2501.0,2510.612244897959,53.847546019026026,-63.45979091698507
2025-06-20,False,,2503.3333333333335,2506.857142857143,12.423425071945877,-15.947234595755509
2025-06-21,False,,2505.6666666666665,2502.0,-28.97323761910456,32.639904285771074
2025-06-22,True,2508.0,2508.0,2495.9999999999995,-70.38722737084932,82.38722737084977
2025-06-23,True,2495.0,2495.0,2488.2857142857138,-41.6285564999036,48.34284221418984
2025-06-24,True,2489.0,2489.0,2478.6190476190473,19.8789131546249,-9.497960773672151
2025-06-25,True,2470.0,2470.0,2467.0,54.83913724426068,-51.83913724426068
2025-06-26,True,2447.0,2447.0,2453.4285714285716,53.847546019026026,-60.276117447597585
2025-06-27,False,,2435.6666666666665,2440.8571428571427,12.423425071945877,-17.613901262422026
2025-06-28,False,,2424.3333333333335,2426.8571428571427,-28.97323761910456,26.44942809529538
2025-06-29,True,2413.0,2413.0,2413.0,-70.38722737084932,70.38722737084932
2025-06-30,True,2407.0,2407.0,2400.964285714286,-41.6285564999036,47.66427078561782
2025-07-01,True,2391.0,2391.0,2389.083333333333,19.8789131546249,-17.96224648795793
2025-07-02,True,2373.0,2373.0,2377.3571428571427,54.83913724426068,-59.19628010140334
2025-07-03,False,,2362.75,2365.785714285714,53.847546019026026,-56.88326030474025
2025-07-04,False,,2352.5,2352.9285714285716,12.423425071945877,-12.851996500517435
2025-07-05,False,,2342.25,2340.785714285714,-28.97323761910456,30.437523333390338
2025-07-06,True,2332.0,2332.0,2327.642857142857,-70.38722737084932,74.74437022799243
2025-07-07,True,2317.0,2317.0,2311.8214285714284,-41.6285564999036,46.80712792847516
2025-07-08,True,2306.0,2306.0,2295.1785714285716,19.8789131546249,-9.057484583196459
2025-07-09,True,2281.0,2281.0,2277.7142857142853,54.83913724426068,-51.553422958546
2025-07-10,True,2252.0,2252.0,2259.428571428571,53.847546019026026,-61.27611744759713
2025-07-11,False,,2236.0,2240.0,12.423425071945877,-16.42342507194588
2025-07-12,False,,2220.0,2220.7142857142853,-28.97323761910456,28.258951904819234
2025-07-13,True,2204.0,2204.0,2204.0,-70.38722737084932,70.38722737084932
2025-07-14,True,2181.0,2181.0,2189.8571428571427,-41.6285564999036,32.77141364276094
2025-07-15,True,2171.0,2171.0,2176.857142857143,19.8789131546249,-25.736056011768017
2025-07-16,True,2164.0,2164.0,2165.0,54.83913724426068,-55.83913724426068
2025-07-17,True,2153.0,2153.0,2154.2857142857138,53.847546019026026,-55.13326030473979
2025-07-18,False,,2145.0,2145.7142857142853,12.423425071945877,-13.137710786231201
2025-07-19,False,,2137.0,2138.0,-28.97323761910456,27.97323761910456
2025-07-20,False,,2129.0,2130.428571428571,-70.38722737084932,68.95865594227821
2025-07-21,True,2121.0,2121.0,2122.285714285714,-41.6285564999036,40.34284221418938
2025-07-22,True,2117.0,2117.0,2114.9047619047615,19.8789131546249,-17.783675059386372
2025-07-23,True,2111.0,2111.0,2108.2857142857138,54.83913724426068,-52.12485152997444
2025-07-24,True,2096.0,2096.0,2102.428571428571,53.847546019026026,-60.27611744759713
2025-07-25,False,,2093.3333333333335,2096.5714285714284,12.423425071945877,-15.661520310040833
2025-07-26,False,,2090.6666666666665,2090.142857142857,-28.97323761910456,29.49704714291419
2025-07-27,True,2088.0,2088.0,2083.285714285714,-70.38722737084932,75.1015130851351
2025-07-28,True,2080.0,2080.0,2077.857142857143,-41.6285564999036,43.771413642760486
2025-07-29,True,2072.0,2072.0,2072.3809523809523,19.8789131546249,-20.259865535577195
2025-07-30,True,2063.0,2063.0,2066.857142857143,54.83913724426068,-58.696280101403794
2025-07-31,True,2058.0,2058.0,2061.285714285714,53.847546019026026,-57.13326030474025
2025-08-01,False,,2055.0,2055.5714285714284,12.423425071945877,-12.994853643374318
2025-08-02,False,,2052.0,2051.285714285714,-28.97323761910456,29.687523333390338
2025-08-03,True,2049.0,2049.0,2047.4285714285713,-70.38722737084932,71.95865594227799
2025-08-04,True,2040.0,2040.0,2043.5714285714284,-41.6285564999036,38.05712792847516
2025-08-05,True,2042.0,2042.0,2038.952380952381,19.8789131546249,-16.831294107005863
2025-08-06,True,2036.0,2036.0,2033.5714285714287,54.83913724426068,-52.410565815689345
2025-08-07,True,2031.0,2031.0,2027.4285714285716,53.847546019026026,-50.276117447597585
2025-08-08,False,,2022.6666666666667,2021.5714285714284,12.423425071945877,-11.328186976707576
2025-08-09,False,,2014.3333333333333,2015.428571428571,-28.97323761910456,27.877999523866713
2025-08-10,True,2006.0,2006.0,2009.8571428571427,-70.38722737084932,66.53008451370665
2025-08-11,True,1999.0,1999.0,2004.5714285714287,-41.6285564999036,36.057127928474934
2025-08-12,True,1999.0,1999.0,2000.3333333333333,19.8789131546249,-21.212246487958158
2025-08-13,True,1997.0,1997.0,1997.1428571428573,54.83913724426068,-54.981994387118014
2025-08-14,True,1994.0,1994.0,1994.9999999999998,53.847546019026026,-54.8475460190258
2025-08-15,False,,1993.0,1993.0,12.423425071945877,-12.423425071945877
2025-08-16,False,,1992.0,1990.2857142857144,-28.97323761910456,30.68752333339011
2025-08-17,True,1991.0,1991.0,1988.285714285714,-70.38722737084932,73.10151308513532
2025-08-18,True,1985.0,1985.0,1985.142857142857,-41.6285564999036,41.48569935704649
2025-08-19,True,1980.0,1980.0,1982.5714285714284,19.8789131546249,-22.45034172605334
2025-08-20,True,1983.0,1983.0,1980.5714285714284,54.83913724426068,-52.41056581568912
2025-08-21,True,1972.0,1972.0,1979.1428571428569,53.847546019026026,-60.99040316188291
2025-08-22,False,,1975.0,1978.4285714285713,12.423425071945877,-15.851996500517208
2025-08-23,False,,1978.0,1979.7142857142858,-28.97323761910456,27.25895190481878
2025-08-24,True,1981.0,1981.0,1980.4285714285716,-70.38722737084932,70.95865594227776
2025-08-25,True,1980.0,1980.0,1982.1428571428569,-41.6285564999036,39.48569935704672
2025-08-26,True,1989.0,1989.0,1984.3571428571427,19.8789131546249,-15.236056011767563
2025-08-27,True,1988.0,1988.0,1987.0714285714284,54.83913724426068,-53.91056581568912
2025-08-28,True,1984.0,1984.0,1990.2857142857142,53.847546019026026,-60.13326030474025
2025-08-29,False,,1990.5,1994.5714285714284,12.423425071945877,-16.49485364337432
2025-08-30,False,,1997.0,1999.0,-28.97323761910456,26.97323761910456
2025-08-31,False,,2003.5,2003.4285714285713,-70.38722737084932,70.45865594227799
2025-09-01,True,2010.0,2010.0,2007.8571428571427,-41.6285564999036,43.77141364276094
2025-09-02,True,2020.0,2020.0,2011.8809523809523,19.8789131546249,-11.759865535577195
2025-09-03,True,2019.0,2019.0,2015.5,54.83913724426068,-51.33913724426068
2025-09-04,True,2015.0,2015.0,2018.7142857142856,53.847546019026026,-57.56183173331158
2025-09-05,False,,2018.6666666666667,2020.8571428571427,12.423425071945877,-14.613901262421797
2025-09-06,False,,2022.3333333333333,2021.285714285714,-28.97323761910456,30.020856666723823
2025-09-07,True,2026.0,2026.0,2022.1428571428569,-70.38722737084932,74.24437022799243
2025-09-08,True,2025.0,2025.0,2026.7142857142853,-41.6285564999036,39.91427078561828
2025-09-09,True,2023.0,2023.0,2032.4761904761901,19.8789131546249,-29.35510363081504
2025-09-10,True,2025.0,2025.0,2039.4285714285713,54.83913724426068,-69.26770867283201
2025-09-11,True,2047.0,2047.0,2047.5714285714284,53.847546019026026,-54.41897459045447
2025-09-12,False,,2059.0,2056.285714285714,12.423425071945877,-9.709139357660098
2025-09-13,False,,2071.0,2066.5714285714284,-28.97323761910456,33.40180904767612
2025-09-14,True,2083.0,2083.0,2076.714285714286,-70.38722737084932,76.67294165656354
2025-09-15,True,2086.0,2086.0,2083.7142857142853,-41.6285564999036,43.91427078561828
2025-09-16,True,2095.0,2095.0,2090.8095238095234,19.8789131546249,-15.688436964148298
2025-09-17,True,2096.0,2096.0,2098.0,54.83913724426068,-56.83913724426068
2025-09-18,True,2096.0,2096.0,2105.2857142857138,53.847546019026026,-63.13326030473979
2025-09-19,False,,2108.6666666666665,2113.142857142857,12.423425071945877,-16.899615548136246
2025-09-20,False,,2121.3333333333335,2120.285714285714,-28.97323761910456,30.020856666723823
2025-09-21,True,2134.0,2134.0,2126.285714285714,-70.38722737084932,78.1015130851351
2025-09-22,True,2141.0,2141.0,2131.428571428571,-41.6285564999036,51.1999850713325
2025-09-23,True,2145.0,2145.0,2135.4285714285716,19.8789131546249,-10.307484583196459
2025-09-24,True,2138.0,2138.0,2138.2857142857138,54.83913724426068,-55.12485152997444
2025-09-25,True,2132.0,2132.0,2140.0,53.847546019026026,-61.847546019026026
2025-09-26,False,,2136.6666666666665,2140.9999999999995,12.423425071945877,-16.75675840527891
2025-09-27,False,,2141.3333333333335,2143.0,-28.97323761910456,27.306570952438044
2025-09-28,True,2146.0,2146.0,2146.5714285714284,-70.38722737084932,69.81579879942088
2025-09-29,True,2148.0,2148.0,2151.142857142857,-41.6285564999036,38.48569935704672
2025-09-30,True,2159.0,2159.0,2155.809523809524,19.8789131546249,-16.688436964148753
2025-10-01,True,2163.0,2163.0,2160.5714285714284,54.83913724426068,-52.41056581568912
2025-10-02,True,2164.0,2164.0,2165.4285714285716,53.847546019026026,-55.276117447597585
2025-10-03,False,,2169.3333333333335,2170.9999999999995,12.423425071945877,-14.090091738611937
2025-10-04,False,,2174.6666666666665,2175.285714285714,-28.97323761910456,28.354190000056853
2025-10-05,True,2180.0,2180.0,2179.4285714285716,-70.38722737084932,70.95865594227776
2025-10-06,True,2187.0,2187.0,2183.4285714285716,-41.6285564999036,45.199985071332044
2025-10-07,True,2189.0,2189.0,2187.773809523809,19.8789131546249,-18.652722678434078
2025-10-08,True,2192.0,2192.0,2192.4642857142853,54.83913724426068,-55.303422958546
2025-10-09,True,2192.0,2192.0,2197.5,53.847546019026026,-59.347546019026026
2025-10-10,False,,2199.75,2202.6428571428573,12.423425071945877,-15.316282214803215
2025-10-11,False,,2207.5,2209.214285714286,-28.97323761910456,27.25895190481878
2025-10-12,False,,2215.25,2213.928571428571,-70.38722737084932,71.70865594227821
2025-10-13,True,2223.0,2223.0,2219.7857142857147,-41.6285564999036,44.84284221418893
2025-10-14,True,2235.0,2235.0,2224.7261904761904,19.8789131546249,-9.605103630815268
2025-10-15,True,2225.0,2225.0,2228.75,54.83913724426068,-58.58913724426068
2025-10-16,True,2233.0,2233.0,2231.8571428571427,53.847546019026026,-52.70468887616869
2025-10-17,False,,2234.3333333333335,2234.714285714286,12.423425071945877,-12.804377452898171
2025-10-18,False,,2235.6666666666665,2237.0,-28.97323761910456,27.639904285771074
2025-10-19,True,2237.0,2237.0,2242.142857142857,-70.38722737084932,65.24437022799243
2025-10-20,True,2243.0,2243.0,2246.8571428571427,-41.6285564999036,37.77141364276094
2025-10-21,True,2251.0,2251.0,2251.8571428571427,19.8789131546249,-20.736056011767563
2025-10-22,True,2261.0,2261.0,2257.142857142857,54.83913724426068,-50.98199438711756
2025-10-23,True,2266.0,2266.0,2262.7142857142853,53.847546019026026,-50.56183173331135
2025-10-24,False,,2269.3333333333335,2268.2857142857138,12.423425071945877,-11.375806024326158
2025-10-25,False,,2272.6666666666665,2273.285714285714,-28.97323761910456,28.354190000056853
2025-10-26,True,2276.0,2276.0,2276.0,-70.38722737084932,70.38722737084932
2025-10-27,True,2282.0,2282.0,2279.0,-41.6285564999036,44.6285564999036
2025-10-28,True,2286.0,2286.0,2281.0476190476193,19.8789131546249,-14.926532202244164
2025-10-29,True,2280.0,2280.0,2282.142857142857,54.83913724426068,-56.98199438711756
2025-10-30,True,2287.0,2287.0,2282.285714285714,53.847546019026026,-49.13326030474025
2025-10-31,False,,2283.6666666666665,2280.4285714285716,12.423425071945877,-9.18532983385092
2025-11-01,False,,2280.3333333333335,2278.142857142857,-28.97323761910456,31.16371380958116
2025-11-02,True,2277.0,2277.0,2277.0,-70.38722737084932,70.38722737084932
2025-11-03,True,2269.0,2269.0,2273.714285714286,-41.6285564999036,36.91427078561782
2025-11-04,True,2270.0,2270.0,2272.333333333333,19.8789131546249,-22.21224648795793
2025-11-05,True,2272.0,2272.0,2272.8571428571427,54.83913724426068,-55.69628010140334
2025-11-06,True,2264.0,2264.0,2275.285714285714,53.847546019026026,-65.13326030474025
2025-11-07,False,,2274.0,2278.8571428571427,12.423425071945877,-17.28056792908854
2025-11-08,False,,2284.0,2282.285714285714,-28.97323761910456,30.687523333390338
2025-11-09,True,2294.0,2294.0,2286.5714285714284,-70.38722737084932,77.81579879942088
2025-11-10,False,,2294.0,2294.1428571428573,-41.6285564999036,41.485699357046265
2025-11-11,True,2294.0,2294.0,2301.3809523809523,19.8789131546249,-27.259865535577195
2025-11-12,True,2302.0,2302.0,2308.285714285714,54.83913724426068,-61.1248515299749
2025-11-13,True,2317.0,2317.0,2314.8571428571427,53.847546019026026,-51.70468887616869
2025-11-14,False,,2324.6666666666665,2321.8571428571427,12.423425071945877,-9.613901262422024
2025-11-15,False,,2332.3333333333335,2329.142857142857,-28.97323761910456,32.16371380958116
2025-11-16,True,2340.0,2340.0,2334.5714285714284,-70.38722737084932,75.81579879942088
2025-11-17,True,2343.0,2343.0,2337.8571428571427,-41.6285564999036,46.77141364276094
2025-11-18,True,2345.0,2345.0,2341.7142857142853,19.8789131546249,-16.593198868910225
2025-11-19,True,2340.0,2340.0,2346.142857142857,54.83913724426068,-60.98199438711756
2025-11-20,True,2340.0,2340.0,2351.1428571428573,53.847546019026026,-64.99040316188336
2025-11-21,False,,2351.6666666666665,2355.142857142857,12.423425071945877,-15.899615548136245
2025-11-22,False,,2363.3333333333335,2359.4285714285716,-28.97323761910456,32.877999523866485
2025-11-23,True,2375.0,2375.0,2365.4285714285716,-70.38722737084932,79.95865594227776
2025-11-24,True,2371.0,2371.0,2372.4285714285716,-41.6285564999036,40.199985071332044
2025-11-25,True,2375.0,2375.0,2379.0,19.8789131546249,-23.8789131546249
2025-11-26,False,,2382.0,2385.142857142857,54.83913724426068,-57.98199438711756
2025-11-27,True,2389.0,2389.0,2390.8571428571427,53.847546019026026,-55.70468887616869
2025-11-28,False,,2397.6666666666665,2396.428571428571,12.423425071945877,-11.185329833850465
2025-11-29,False,,2406.3333333333335,2401.0,-28.97323761910456,34.306570952438044
2025-11-30,True,2415.0,2415.0,2406.2857142857138,-70.38722737084932,79.10151308513555
2025-12-01,True,2410.0,2410.0,2410.4285714285716,-41.6285564999036,41.199985071332044
2025-12-02,True,2407.0,2407.0,2413.8571428571427,19.8789131546249,-26.736056011767563
2025-12-03,True,2419.0,2419.0,2416.5714285714284,54.83913724426068,-52.41056581568912
2025-12-04,True,2418.0,2418.0,2418.5714285714284,53.847546019026026,-54.41897459045447
2025-12-05,False,,2421.6666666666665,2422.8571428571427,12.423425071945877,-13.613901262422024
2025-12-06,False,,2425.3333333333335,2428.0,-28.97323761910456,26.306570952438044
2025-12-07,True,2429.0,2429.0,2430.8571428571427,-70.38722737084932,68.53008451370665
2025-12-08,True,2440.0,2440.0,2433.5714285714284,-41.6285564999036,48.05712792847516
2025-12-09,True,2443.0,2443.0,2436.952380952381,19.8789131546249,-13.83129410700609
2025-12-10,True,2439.0,2439.0,2441.0,54.83913724426068,-56.83913724426068
2025-12-11,True,2437.0,2437.0,2445.714285714286,53.847546019026026,-62.561831733311806
2025-12-12,False,,2445.3333333333335,2449.9999999999995,12.423425071945877,-17.09009173861194
2025-12-13,False,,2453.6666666666665,2453.571428571428,-28.97323761910456,29.068475714343087
2025-12-14,True,2462.0,2462.0,2459.5714285714284,-70.38722737084932,72.81579879942088
2025-12-15,True,2470.0,2470.0,2464.5714285714284,-41.6285564999036,47.05712792847516
2025-12-16,True,2468.0,2468.0,2468.9523809523807,19.8789131546249,-20.831294107005636
2025-12-17,True,2481.0,2481.0,2472.7142857142853,54.83913724426068,-46.553422958546
2025-12-18,True,2472.0,2472.0,2475.8571428571427,53.847546019026026,-57.70468887616869
2025-12-19,False,,2476.0,2482.496598639454,12.423425071945877,-18.920023711399956
2025-12-20,False,,2480.0,2487.1360544217673,-28.97323761910456,21.837183197337247
2025-12-21,True,2484.0,2484.0,2491.7755102040805,-70.38722737084932,62.61171716676877
