target,horizon_reports,model,feature,importance
hhs_care,1,random_forest,cbp_apprehensions,6.466526452156006e-05
hhs_care,1,random_forest,cbp_care,8.864988981580568e-05
hhs_care,1,random_forest,cbp_transfers_to_hhs,0.00017615979292379735
hhs_care,1,random_forest,hhs_care,0.5188318757155954
hhs_care,1,random_forest,hhs_discharges,7.523197706010647e-05
hhs_care,1,random_forest,net_hhs_flow,0.00013792666168704017
hhs_care,1,random_forest,days_since_previous_report,2.794109916281231e-06
hhs_care,1,random_forest,hhs_care_lag_1_reports,0.4514796784352965
hhs_care,1,random_forest,hhs_care_lag_7_reports,0.0024179586158331033
hhs_care,1,random_forest,hhs_care_lag_14_reports,0.0026881691508446057
hhs_care,1,random_forest,hhs_care_rolling_mean_7_reports,0.019134441026867136
hhs_care,1,random_forest,hhs_care_rolling_variance_7_reports,8.188635837490672e-05
hhs_care,1,random_forest,hhs_care_rolling_mean_14_reports,0.0020616300515215206
hhs_care,1,random_forest,hhs_care_rolling_variance_14_reports,6.265908180195963e-05
hhs_care,1,random_forest,hhs_discharges_lag_1_reports,2.7115390799229034e-05
hhs_care,1,random_forest,hhs_discharges_lag_7_reports,4.121944325522944e-05
hhs_care,1,random_forest,hhs_discharges_lag_14_reports,7.326165950989873e-05
hhs_care,1,random_forest,hhs_discharges_rolling_mean_7_reports,0.0005748664990384685
hhs_care,1,random_forest,hhs_discharges_rolling_variance_7_reports,0.00010508715584000577
hhs_care,1,random_forest,hhs_discharges_rolling_mean_14_reports,0.000998466016601219
hhs_care,1,random_forest,hhs_discharges_rolling_variance_14_reports,3.135766024001462e-05
hhs_care,1,random_forest,net_hhs_flow_lag_1_reports,3.515992550538236e-05
hhs_care,1,random_forest,net_hhs_flow_lag_7_reports,4.572218648228104e-05
hhs_care,1,random_forest,net_hhs_flow_lag_14_reports,5.361059279350265e-05
hhs_care,1,random_forest,net_hhs_flow_rolling_mean_7_reports,0.00028155813447623717
hhs_care,1,random_forest,net_hhs_flow_rolling_variance_7_reports,0.00010524410043375387
hhs_care,1,random_forest,net_hhs_flow_rolling_mean_14_reports,0.00011004698209048922
hhs_care,1,random_forest,net_hhs_flow_rolling_variance_14_reports,6.438786266577111e-05
hhs_care,1,random_forest,day_of_week,5.355152954451322e-05
hhs_care,1,random_forest,month,9.523610953296102e-05
hhs_care,1,random_forest,is_weekend,3.8261913131362426e-07
hhs_care,1,random_forest,is_us_federal_holiday,0.0
hhs_care,1,gradient_boosting,cbp_apprehensions,0.0
hhs_care,1,gradient_boosting,cbp_care,0.0
hhs_care,1,gradient_boosting,cbp_transfers_to_hhs,0.0
hhs_care,1,gradient_boosting,hhs_care,0.767380053976678
hhs_care,1,gradient_boosting,hhs_discharges,0.0
hhs_care,1,gradient_boosting,net_hhs_flow,0.0
hhs_care,1,gradient_boosting,days_since_previous_report,0.0
hhs_care,1,gradient_boosting,hhs_care_lag_1_reports,0.13794916788036024
hhs_care,1,gradient_boosting,hhs_care_lag_7_reports,0.006231479212580823
hhs_care,1,gradient_boosting,hhs_care_lag_14_reports,0.0007658348033328064
hhs_care,1,gradient_boosting,hhs_care_rolling_mean_7_reports,0.06589896251180764
hhs_care,1,gradient_boosting,hhs_care_rolling_variance_7_reports,0.0
hhs_care,1,gradient_boosting,hhs_care_rolling_mean_14_reports,0.012364451447360831
hhs_care,1,gradient_boosting,hhs_care_rolling_variance_14_reports,0.0
hhs_care,1,gradient_boosting,hhs_discharges_lag_1_reports,0.0
hhs_care,1,gradient_boosting,hhs_discharges_lag_7_reports,0.0
hhs_care,1,gradient_boosting,hhs_discharges_lag_14_reports,0.0
hhs_care,1,gradient_boosting,hhs_discharges_rolling_mean_7_reports,0.0
hhs_care,1,gradient_boosting,hhs_discharges_rolling_variance_7_reports,0.0
hhs_care,1,gradient_boosting,hhs_discharges_rolling_mean_14_reports,0.009410050167879637
hhs_care,1,gradient_boosting,hhs_discharges_rolling_variance_14_reports,0.0
hhs_care,1,gradient_boosting,net_hhs_flow_lag_1_reports,0.0
hhs_care,1,gradient_boosting,net_hhs_flow_lag_7_reports,0.0
hhs_care,1,gradient_boosting,net_hhs_flow_lag_14_reports,0.0
hhs_care,1,gradient_boosting,net_hhs_flow_rolling_mean_7_reports,0.0
hhs_care,1,gradient_boosting,net_hhs_flow_rolling_variance_7_reports,0.0
hhs_care,1,gradient_boosting,net_hhs_flow_rolling_mean_14_reports,0.0
hhs_care,1,gradient_boosting,net_hhs_flow_rolling_variance_14_reports,0.0
hhs_care,1,gradient_boosting,day_of_week,0.0
hhs_care,1,gradient_boosting,month,0.0
hhs_care,1,gradient_boosting,is_weekend,0.0
hhs_care,1,gradient_boosting,is_us_federal_holiday,0.0
hhs_care,7,random_forest,cbp_apprehensions,0.00019839253702730704
hhs_care,7,random_forest,cbp_care,0.0015276920896857445
hhs_care,7,random_forest,cbp_transfers_to_hhs,0.0006620131568192573
hhs_care,7,random_forest,hhs_care,0.6916558439423728
hhs_care,7,random_forest,hhs_discharges,3.8050048574115416e-05
hhs_care,7,random_forest,net_hhs_flow,0.00012678015457196786
hhs_care,7,random_forest,days_since_previous_report,6.9021267931607334e-06
hhs_care,7,random_forest,hhs_care_lag_1_reports,0.26147952894723825
hhs_care,7,random_forest,hhs_care_lag_7_reports,0.0019029906491374155
hhs_care,7,random_forest,hhs_care_lag_14_reports,0.004102818114913851
hhs_care,7,random_forest,hhs_care_rolling_mean_7_reports,0.0032693367217970816
hhs_care,7,random_forest,hhs_care_rolling_variance_7_reports,0.0005094344811694127
hhs_care,7,random_forest,hhs_care_rolling_mean_14_reports,0.008923448290889173
hhs_care,7,random_forest,hhs_care_rolling_variance_14_reports,0.0007011865214350059
hhs_care,7,random_forest,hhs_discharges_lag_1_reports,9.92958497670491e-05
hhs_care,7,random_forest,hhs_discharges_lag_7_reports,6.688796058378565e-05
hhs_care,7,random_forest,hhs_discharges_lag_14_reports,0.00012800689081576486
hhs_care,7,random_forest,hhs_discharges_rolling_mean_7_reports,0.00017819068075488093
hhs_care,7,random_forest,hhs_discharges_rolling_variance_7_reports,0.00036733160155407184
hhs_care,7,random_forest,hhs_discharges_rolling_mean_14_reports,0.0024894865243098637
hhs_care,7,random_forest,hhs_discharges_rolling_variance_14_reports,0.00043482014429011446
hhs_care,7,random_forest,net_hhs_flow_lag_1_reports,8.540971687060518e-05
hhs_care,7,random_forest,net_hhs_flow_lag_7_reports,0.00014937017966497573
hhs_care,7,random_forest,net_hhs_flow_lag_14_reports,0.00024215342675841685
hhs_care,7,random_forest,net_hhs_flow_rolling_mean_7_reports,0.002089671008838395
hhs_care,7,random_forest,net_hhs_flow_rolling_variance_7_reports,0.000677079698106398
hhs_care,7,random_forest,net_hhs_flow_rolling_mean_14_reports,0.006937702189362711
hhs_care,7,random_forest,net_hhs_flow_rolling_variance_14_reports,0.0011159448291101436
hhs_care,7,random_forest,day_of_week,2.491554974343691e-05
hhs_care,7,random_forest,month,0.009805050135138459
hhs_care,7,random_forest,is_weekend,0.0
hhs_care,7,random_forest,is_us_federal_holiday,4.265831906330764e-06
hhs_care,7,gradient_boosting,cbp_apprehensions,0.004858167959133225
hhs_care,7,gradient_boosting,cbp_care,0.005312764760085937
hhs_care,7,gradient_boosting,cbp_transfers_to_hhs,0.0019823211944742856
hhs_care,7,gradient_boosting,hhs_care,0.9390304433561192
hhs_care,7,gradient_boosting,hhs_discharges,0.0
hhs_care,7,gradient_boosting,net_hhs_flow,0.0
hhs_care,7,gradient_boosting,days_since_previous_report,0.0
hhs_care,7,gradient_boosting,hhs_care_lag_1_reports,0.0008015365709621842
hhs_care,7,gradient_boosting,hhs_care_lag_7_reports,0.008701202862894303
hhs_care,7,gradient_boosting,hhs_care_lag_14_reports,0.0010366006483593965
hhs_care,7,gradient_boosting,hhs_care_rolling_mean_7_reports,0.0074350488555357495
hhs_care,7,gradient_boosting,hhs_care_rolling_variance_7_reports,0.0
hhs_care,7,gradient_boosting,hhs_care_rolling_mean_14_reports,0.009746748181490978
hhs_care,7,gradient_boosting,hhs_care_rolling_variance_14_reports,0.0
hhs_care,7,gradient_boosting,hhs_discharges_lag_1_reports,0.0
hhs_care,7,gradient_boosting,hhs_discharges_lag_7_reports,0.0
hhs_care,7,gradient_boosting,hhs_discharges_lag_14_reports,0.0
hhs_care,7,gradient_boosting,hhs_discharges_rolling_mean_7_reports,0.0
hhs_care,7,gradient_boosting,hhs_discharges_rolling_variance_7_reports,0.0
hhs_care,7,gradient_boosting,hhs_discharges_rolling_mean_14_reports,0.0017244891589640145
hhs_care,7,gradient_boosting,hhs_discharges_rolling_variance_14_reports,0.0
hhs_care,7,gradient_boosting,net_hhs_flow_lag_1_reports,0.0
hhs_care,7,gradient_boosting,net_hhs_flow_lag_7_reports,0.0
hhs_care,7,gradient_boosting,net_hhs_flow_lag_14_reports,0.0
hhs_care,7,gradient_boosting,net_hhs_flow_rolling_mean_7_reports,0.0
hhs_care,7,gradient_boosting,net_hhs_flow_rolling_variance_7_reports,0.0
hhs_care,7,gradient_boosting,net_hhs_flow_rolling_mean_14_reports,0.0
hhs_care,7,gradient_boosting,net_hhs_flow_rolling_variance_14_reports,0.0
hhs_care,7,gradient_boosting,day_of_week,0.0
hhs_care,7,gradient_boosting,month,0.019370676451980616
hhs_care,7,gradient_boosting,is_weekend,0.0
hhs_care,7,gradient_boosting,is_us_federal_holiday,0.0
hhs_care,14,random_forest,cbp_apprehensions,0.0004628190893374444
hhs_care,14,random_forest,cbp_care,0.0016144902307110964
hhs_care,14,random_forest,cbp_transfers_to_hhs,0.001149729562722324
hhs_care,14,random_forest,hhs_care,0.6707770920413603
hhs_care,14,random_forest,hhs_discharges,6.829272112251476e-05
hhs_care,14,random_forest,net_hhs_flow,0.00020700428403377697
hhs_care,14,random_forest,days_since_previous_report,1.2077732033238046e-05
hhs_care,14,random_forest,hhs_care_lag_1_reports,0.25595932553092327
hhs_care,14,random_forest,hhs_care_lag_7_reports,0.0036379871614750313
hhs_care,14,random_forest,hhs_care_lag_14_reports,0.012959269767537435
hhs_care,14,random_forest,hhs_care_rolling_mean_7_reports,0.0075095600932095895
hhs_care,14,random_forest,hhs_care_rolling_variance_7_reports,0.0008524338768784868
hhs_care,14,random_forest,hhs_care_rolling_mean_14_reports,0.0067799436881064625
hhs_care,14,random_forest,hhs_care_rolling_variance_14_reports,0.0009010427691953984
hhs_care,14,random_forest,hhs_discharges_lag_1_reports,0.00011421461446728282
hhs_care,14,random_forest,hhs_discharges_lag_7_reports,4.4966215668802e-05
hhs_care,14,random_forest,hhs_discharges_lag_14_reports,0.0003760648247370927
hhs_care,14,random_forest,hhs_discharges_rolling_mean_7_reports,0.005038138023773503
hhs_care,14,random_forest,hhs_discharges_rolling_variance_7_reports,0.0005041807079801573
hhs_care,14,random_forest,hhs_discharges_rolling_mean_14_reports,0.002683987699903863
hhs_care,14,random_forest,hhs_discharges_rolling_variance_14_reports,0.0025113268123248805
hhs_care,14,random_forest,net_hhs_flow_lag_1_reports,0.00017521002378073533
hhs_care,14,random_forest,net_hhs_flow_lag_7_reports,0.00017778943110695545
hhs_care,14,random_forest,net_hhs_flow_lag_14_reports,0.0009533582668601511
hhs_care,14,random_forest,net_hhs_flow_rolling_mean_7_reports,0.001185447177267765
hhs_care,14,random_forest,net_hhs_flow_rolling_variance_7_reports,0.0009318097767752461
hhs_care,14,random_forest,net_hhs_flow_rolling_mean_14_reports,0.0030331430671117687
hhs_care,14,random_forest,net_hhs_flow_rolling_variance_14_reports,0.0033052952070573354
hhs_care,14,random_forest,day_of_week,8.312336145862369e-06
hhs_care,14,random_forest,month,0.016065084847325217
hhs_care,14,random_forest,is_weekend,6.024190670445759e-07
hhs_care,14,random_forest,is_us_federal_holiday,0.0
hhs_care,14,gradient_boosting,cbp_apprehensions,0.0
hhs_care,14,gradient_boosting,cbp_care,0.01185936389772429
hhs_care,14,gradient_boosting,cbp_transfers_to_hhs,0.018799514795475716
hhs_care,14,gradient_boosting,hhs_care,0.7634274111726905
hhs_care,14,gradient_boosting,hhs_discharges,0.0
hhs_care,14,gradient_boosting,net_hhs_flow,0.0
hhs_care,14,gradient_boosting,days_since_previous_report,0.0
hhs_care,14,gradient_boosting,hhs_care_lag_1_reports,0.0066183894106604775
hhs_care,14,gradient_boosting,hhs_care_lag_7_reports,0.0
hhs_care,14,gradient_boosting,hhs_care_lag_14_reports,0.0005595835855171899
hhs_care,14,gradient_boosting,hhs_care_rolling_mean_7_reports,0.00022207662456170176
hhs_care,14,gradient_boosting,hhs_care_rolling_variance_7_reports,0.0
hhs_care,14,gradient_boosting,hhs_care_rolling_mean_14_reports,0.0004666925470449915
hhs_care,14,gradient_boosting,hhs_care_rolling_variance_14_reports,0.0
hhs_care,14,gradient_boosting,hhs_discharges_lag_1_reports,0.0
hhs_care,14,gradient_boosting,hhs_discharges_lag_7_reports,0.0
hhs_care,14,gradient_boosting,hhs_discharges_lag_14_reports,0.0
hhs_care,14,gradient_boosting,hhs_discharges_rolling_mean_7_reports,0.0
hhs_care,14,gradient_boosting,hhs_discharges_rolling_variance_7_reports,0.0
hhs_care,14,gradient_boosting,hhs_discharges_rolling_mean_14_reports,0.1584915316732144
hhs_care,14,gradient_boosting,hhs_discharges_rolling_variance_14_reports,0.0
hhs_care,14,gradient_boosting,net_hhs_flow_lag_1_reports,0.0
hhs_care,14,gradient_boosting,net_hhs_flow_lag_7_reports,0.0
hhs_care,14,gradient_boosting,net_hhs_flow_lag_14_reports,0.0
hhs_care,14,gradient_boosting,net_hhs_flow_rolling_mean_7_reports,0.0
hhs_care,14,gradient_boosting,net_hhs_flow_rolling_variance_7_reports,0.0
hhs_care,14,gradient_boosting,net_hhs_flow_rolling_mean_14_reports,0.0
hhs_care,14,gradient_boosting,net_hhs_flow_rolling_variance_14_reports,0.0
hhs_care,14,gradient_boosting,day_of_week,0.0
hhs_care,14,gradient_boosting,month,0.039555436293110764
hhs_care,14,gradient_boosting,is_weekend,0.0
hhs_care,14,gradient_boosting,is_us_federal_holiday,0.0
hhs_discharges,1,random_forest,cbp_apprehensions,0.036006510081158107
hhs_discharges,1,random_forest,cbp_care,0.001666442637909146
hhs_discharges,1,random_forest,cbp_transfers_to_hhs,0.0012643762962900266
hhs_discharges,1,random_forest,hhs_care,0.15217711964455538
hhs_discharges,1,random_forest,hhs_discharges,0.0052075187057866726
hhs_discharges,1,random_forest,net_hhs_flow,0.0036188581224340724
hhs_discharges,1,random_forest,days_since_previous_report,0.004357991119727834
hhs_discharges,1,random_forest,hhs_care_lag_1_reports,0.39729817666233613
hhs_discharges,1,random_forest,hhs_care_lag_7_reports,0.0722984881924929
hhs_discharges,1,random_forest,hhs_care_lag_14_reports,0.004224113935732392
hhs_discharges,1,random_forest,hhs_care_rolling_mean_7_reports,0.05688027831241163
hhs_discharges,1,random_forest,hhs_care_rolling_variance_7_reports,0.002446481201370167
hhs_discharges,1,random_forest,hhs_care_rolling_mean_14_reports,0.17475032785992725
hhs_discharges,1,random_forest,hhs_care_rolling_variance_14_reports,0.002550662015905638
hhs_discharges,1,random_forest,hhs_discharges_lag_1_reports,0.006879513584859039
hhs_discharges,1,random_forest,hhs_discharges_lag_7_reports,0.0045987114003178875
hhs_discharges,1,random_forest,hhs_discharges_lag_14_reports,0.0034698490999856323
hhs_discharges,1,random_forest,hhs_discharges_rolling_mean_7_reports,0.003519045176672655
hhs_discharges,1,random_forest,hhs_discharges_rolling_variance_7_reports,0.0013827479147033536
hhs_discharges,1,random_forest,hhs_discharges_rolling_mean_14_reports,0.01309093406661229
hhs_discharges,1,random_forest,hhs_discharges_rolling_variance_14_reports,0.0018347625805920278
hhs_discharges,1,random_forest,net_hhs_flow_lag_1_reports,0.004987028853107792
hhs_discharges,1,random_forest,net_hhs_flow_lag_7_reports,0.0017728842395190833
hhs_discharges,1,random_forest,net_hhs_flow_lag_14_reports,0.0022237852694654303
hhs_discharges,1,random_forest,net_hhs_flow_rolling_mean_7_reports,0.0017081310601946794
hhs_discharges,1,random_forest,net_hhs_flow_rolling_variance_7_reports,0.00194304308181886
hhs_discharges,1,random_forest,net_hhs_flow_rolling_mean_14_reports,0.00270399120553646
hhs_discharges,1,random_forest,net_hhs_flow_rolling_variance_14_reports,0.0021202239689034636
hhs_discharges,1,random_forest,day_of_week,0.028022755517060134
hhs_discharges,1,random_forest,month,0.0006462828828179291
hhs_discharges,1,random_forest,is_weekend,0.004348965309795996
hhs_discharges,1,random_forest,is_us_federal_holiday,0.0
hhs_discharges,1,gradient_boosting,cbp_apprehensions,0.019595473816875528
hhs_discharges,1,gradient_boosting,cbp_care,0.0
hhs_discharges,1,gradient_boosting,cbp_transfers_to_hhs,0.010930933760973219
hhs_discharges,1,gradient_boosting,hhs_care,0.2469650391848278
hhs_discharges,1,gradient_boosting,hhs_discharges,0.16624270063674174
hhs_discharges,1,gradient_boosting,net_hhs_flow,0.0
hhs_discharges,1,gradient_boosting,days_since_previous_report,0.005710801406225981
hhs_discharges,1,gradient_boosting,hhs_care_lag_1_reports,0.3450599562403893
hhs_discharges,1,gradient_boosting,hhs_care_lag_7_reports,0.0
hhs_discharges,1,gradient_boosting,hhs_care_lag_14_reports,0.0
hhs_discharges,1,gradient_boosting,hhs_care_rolling_mean_7_reports,0.004155743726671408
hhs_discharges,1,gradient_boosting,hhs_care_rolling_variance_7_reports,0.0
hhs_discharges,1,gradient_boosting,hhs_care_rolling_mean_14_reports,0.0699322855764233
hhs_discharges,1,gradient_boosting,hhs_care_rolling_variance_14_reports,0.0
hhs_discharges,1,gradient_boosting,hhs_discharges_lag_1_reports,0.0
hhs_discharges,1,gradient_boosting,hhs_discharges_lag_7_reports,0.0
hhs_discharges,1,gradient_boosting,hhs_discharges_lag_14_reports,0.0011822321074770564
hhs_discharges,1,gradient_boosting,hhs_discharges_rolling_mean_7_reports,0.0
hhs_discharges,1,gradient_boosting,hhs_discharges_rolling_variance_7_reports,0.0
hhs_discharges,1,gradient_boosting,hhs_discharges_rolling_mean_14_reports,0.11123191134253119
hhs_discharges,1,gradient_boosting,hhs_discharges_rolling_variance_14_reports,0.0
hhs_discharges,1,gradient_boosting,net_hhs_flow_lag_1_reports,0.0
hhs_discharges,1,gradient_boosting,net_hhs_flow_lag_7_reports,0.0
hhs_discharges,1,gradient_boosting,net_hhs_flow_lag_14_reports,0.0
hhs_discharges,1,gradient_boosting,net_hhs_flow_rolling_mean_7_reports,0.0
hhs_discharges,1,gradient_boosting,net_hhs_flow_rolling_variance_7_reports,0.0
hhs_discharges,1,gradient_boosting,net_hhs_flow_rolling_mean_14_reports,0.0
hhs_discharges,1,gradient_boosting,net_hhs_flow_rolling_variance_14_reports,0.0
hhs_discharges,1,gradient_boosting,day_of_week,0.018992922200863373
hhs_discharges,1,gradient_boosting,month,0.0
hhs_discharges,1,gradient_boosting,is_weekend,0.0
hhs_discharges,1,gradient_boosting,is_us_federal_holiday,0.0
hhs_discharges,7,random_forest,cbp_apprehensions,0.0032630755099182516
hhs_discharges,7,random_forest,cbp_care,0.0022841598626794886
hhs_discharges,7,random_forest,cbp_transfers_to_hhs,0.0015455563797917482
hhs_discharges,7,random_forest,hhs_care,0.577187437946004
hhs_discharges,7,random_forest,hhs_discharges,0.006522833168054233
hhs_discharges,7,random_forest,net_hhs_flow,0.0020072230728412554
hhs_discharges,7,random_forest,days_since_previous_report,0.00023428373468637105
hhs_discharges,7,random_forest,hhs_care_lag_1_reports,0.24986123790601514
hhs_discharges,7,random_forest,hhs_care_lag_7_reports,0.0036152926528676523
hhs_discharges,7,random_forest,hhs_care_lag_14_reports,0.005254683580215289
hhs_discharges,7,random_forest,hhs_care_rolling_mean_7_reports,0.01675189537092947
hhs_discharges,7,random_forest,hhs_care_rolling_variance_7_reports,0.0037032491384746194
hhs_discharges,7,random_forest,hhs_care_rolling_mean_14_reports,0.03763502099395703
hhs_discharges,7,random_forest,hhs_care_rolling_variance_14_reports,0.002554165005083912
hhs_discharges,7,random_forest,hhs_discharges_lag_1_reports,0.004767491774200507
hhs_discharges,7,random_forest,hhs_discharges_lag_7_reports,0.009241826122430113
hhs_discharges,7,random_forest,hhs_discharges_lag_14_reports,0.0029454704562603055
hhs_discharges,7,random_forest,hhs_discharges_rolling_mean_7_reports,0.002623461827946157
hhs_discharges,7,random_forest,hhs_discharges_rolling_variance_7_reports,0.004413607532091782
hhs_discharges,7,random_forest,hhs_discharges_rolling_mean_14_reports,0.005455709820395871
hhs_discharges,7,random_forest,hhs_discharges_rolling_variance_14_reports,0.0030072893080063255
hhs_discharges,7,random_forest,net_hhs_flow_lag_1_reports,0.003160759787328906
hhs_discharges,7,random_forest,net_hhs_flow_lag_7_reports,0.0032833277865261593
hhs_discharges,7,random_forest,net_hhs_flow_lag_14_reports,0.0042454927821325645
hhs_discharges,7,random_forest,net_hhs_flow_rolling_mean_7_reports,0.0029950964052499877
hhs_discharges,7,random_forest,net_hhs_flow_rolling_variance_7_reports,0.0035440225567736536
hhs_discharges,7,random_forest,net_hhs_flow_rolling_mean_14_reports,0.001994719521417285
hhs_discharges,7,random_forest,net_hhs_flow_rolling_variance_14_reports,0.002226924447806055
hhs_discharges,7,random_forest,day_of_week,0.025030210436313805
hhs_discharges,7,random_forest,month,0.008489567346877147
hhs_discharges,7,random_forest,is_weekend,0.00015490776672483298
hhs_discharges,7,random_forest,is_us_federal_holiday,0.0
hhs_discharges,7,gradient_boosting,cbp_apprehensions,0.0127556320605445
hhs_discharges,7,gradient_boosting,cbp_care,0.0
hhs_discharges,7,gradient_boosting,cbp_transfers_to_hhs,0.0
hhs_discharges,7,gradient_boosting,hhs_care,0.5013862931987865
hhs_discharges,7,gradient_boosting,hhs_discharges,0.0
hhs_discharges,7,gradient_boosting,net_hhs_flow,0.0
hhs_discharges,7,gradient_boosting,days_since_previous_report,0.0
hhs_discharges,7,gradient_boosting,hhs_care_lag_1_reports,0.2831066018616806
hhs_discharges,7,gradient_boosting,hhs_care_lag_7_reports,0.0
hhs_discharges,7,gradient_boosting,hhs_care_lag_14_reports,0.0
hhs_discharges,7,gradient_boosting,hhs_care_rolling_mean_7_reports,0.003603710138938204
hhs_discharges,7,gradient_boosting,hhs_care_rolling_variance_7_reports,0.0
hhs_discharges,7,gradient_boosting,hhs_care_rolling_mean_14_reports,0.016509916301508165
hhs_discharges,7,gradient_boosting,hhs_care_rolling_variance_14_reports,0.0
hhs_discharges,7,gradient_boosting,hhs_discharges_lag_1_reports,0.0
hhs_discharges,7,gradient_boosting,hhs_discharges_lag_7_reports,0.009554324137568265
hhs_discharges,7,gradient_boosting,hhs_discharges_lag_14_reports,0.0
hhs_discharges,7,gradient_boosting,hhs_discharges_rolling_mean_7_reports,0.07145077494250568
hhs_discharges,7,gradient_boosting,hhs_discharges_rolling_variance_7_reports,0.010803763601566145
hhs_discharges,7,gradient_boosting,hhs_discharges_rolling_mean_14_reports,0.06760766312353882
hhs_discharges,7,gradient_boosting,hhs_discharges_rolling_variance_14_reports,0.0
hhs_discharges,7,gradient_boosting,net_hhs_flow_lag_1_reports,0.0
hhs_discharges,7,gradient_boosting,net_hhs_flow_lag_7_reports,0.0
hhs_discharges,7,gradient_boosting,net_hhs_flow_lag_14_reports,0.0
hhs_discharges,7,gradient_boosting,net_hhs_flow_rolling_mean_7_reports,0.0
hhs_discharges,7,gradient_boosting,net_hhs_flow_rolling_variance_7_reports,0.0
hhs_discharges,7,gradient_boosting,net_hhs_flow_rolling_mean_14_reports,0.0
hhs_discharges,7,gradient_boosting,net_hhs_flow_rolling_variance_14_reports,0.0
hhs_discharges,7,gradient_boosting,day_of_week,0.021064169986980092
hhs_discharges,7,gradient_boosting,month,0.0021571506463831202
hhs_discharges,7,gradient_boosting,is_weekend,0.0
hhs_discharges,7,gradient_boosting,is_us_federal_holiday,0.0
hhs_discharges,14,random_forest,cbp_apprehensions,0.0044333648150673925
hhs_discharges,14,random_forest,cbp_care,0.0034966174829276692
hhs_discharges,14,random_forest,cbp_transfers_to_hhs,0.004547559555146124
hhs_discharges,14,random_forest,hhs_care,0.44677144424997534
hhs_discharges,14,random_forest,hhs_discharges,0.015892656404581658
hhs_discharges,14,random_forest,net_hhs_flow,0.0029547854534409603
hhs_discharges,14,random_forest,days_since_previous_report,0.0017039694287726312
hhs_discharges,14,random_forest,hhs_care_lag_1_reports,0.24352550261795475
hhs_discharges,14,random_forest,hhs_care_lag_7_reports,0.003954277109526293
hhs_discharges,14,random_forest,hhs_care_lag_14_reports,0.00918735196104389
hhs_discharges,14,random_forest,hhs_care_rolling_mean_7_reports,0.14403344205696184
hhs_discharges,14,random_forest,hhs_care_rolling_variance_7_reports,0.003426381986659487
hhs_discharges,14,random_forest,hhs_care_rolling_mean_14_reports,0.004563368907901392
hhs_discharges,14,random_forest,hhs_care_rolling_variance_14_reports,0.0027496607175948864
hhs_discharges,14,random_forest,hhs_discharges_lag_1_reports,0.028529366949687995
hhs_discharges,14,random_forest,hhs_discharges_lag_7_reports,0.0054744717947947065
hhs_discharges,14,random_forest,hhs_discharges_lag_14_reports,0.002635424630943258
hhs_discharges,14,random_forest,hhs_discharges_rolling_mean_7_reports,0.001600654867040595
hhs_discharges,14,random_forest,hhs_discharges_rolling_variance_7_reports,0.002463848327075357
hhs_discharges,14,random_forest,hhs_discharges_rolling_mean_14_reports,0.0050063014945391955
hhs_discharges,14,random_forest,hhs_discharges_rolling_variance_14_reports,0.0034131821755373605
hhs_discharges,14,random_forest,net_hhs_flow_lag_1_reports,0.003834927527893674
hhs_discharges,14,random_forest,net_hhs_flow_lag_7_reports,0.0032424543671756697
hhs_discharges,14,random_forest,net_hhs_flow_lag_14_reports,0.005722520575114445
hhs_discharges,14,random_forest,net_hhs_flow_rolling_mean_7_reports,0.0035636382480648487
hhs_discharges,14,random_forest,net_hhs_flow_rolling_variance_7_reports,0.0038675517773747144
hhs_discharges,14,random_forest,net_hhs_flow_rolling_mean_14_reports,0.0042792377377344195
hhs_discharges,14,random_forest,net_hhs_flow_rolling_variance_14_reports,0.0046220662926974325
hhs_discharges,14,random_forest,day_of_week,0.004601817544185355
hhs_discharges,14,random_forest,month,0.025847159200885917
hhs_discharges,14,random_forest,is_weekend,5.499374170069961e-05
hhs_discharges,14,random_forest,is_us_federal_holiday,0.0
hhs_discharges,14,gradient_boosting,cbp_apprehensions,0.027725242836924013
hhs_discharges,14,gradient_boosting,cbp_care,0.004025609847242316
hhs_discharges,14,gradient_boosting,cbp_transfers_to_hhs,0.01550199520647445
hhs_discharges,14,gradient_boosting,hhs_care,0.39408799727407123
hhs_discharges,14,gradient_boosting,hhs_discharges,0.061896938650163005
hhs_discharges,14,gradient_boosting,net_hhs_flow,0.0
hhs_discharges,14,gradient_boosting,days_since_previous_report,0.0
hhs_discharges,14,gradient_boosting,hhs_care_lag_1_reports,0.14350437979066896
hhs_discharges,14,gradient_boosting,hhs_care_lag_7_reports,0.0019523006794416563
hhs_discharges,14,gradient_boosting,hhs_care_lag_14_reports,0.0013053037116926157
hhs_discharges,14,gradient_boosting,hhs_care_rolling_mean_7_reports,0.05332774534425167
hhs_discharges,14,gradient_boosting,hhs_care_rolling_variance_7_reports,0.0
hhs_discharges,14,gradient_boosting,hhs_care_rolling_mean_14_reports,0.005608034403813501
hhs_discharges,14,gradient_boosting,hhs_care_rolling_variance_14_reports,0.0
hhs_discharges,14,gradient_boosting,hhs_discharges_lag_1_reports,0.04785382793270011
hhs_discharges,14,gradient_boosting,hhs_discharges_lag_7_reports,0.0
hhs_discharges,14,gradient_boosting,hhs_discharges_lag_14_reports,0.0
hhs_discharges,14,gradient_boosting,hhs_discharges_rolling_mean_7_reports,0.0019301462461868925
hhs_discharges,14,gradient_boosting,hhs_discharges_rolling_variance_7_reports,0.0
hhs_discharges,14,gradient_boosting,hhs_discharges_rolling_mean_14_reports,0.20293555163841145
hhs_discharges,14,gradient_boosting,hhs_discharges_rolling_variance_14_reports,0.0
hhs_discharges,14,gradient_boosting,net_hhs_flow_lag_1_reports,0.0
hhs_discharges,14,gradient_boosting,net_hhs_flow_lag_7_reports,0.0
hhs_discharges,14,gradient_boosting,net_hhs_flow_lag_14_reports,0.0
hhs_discharges,14,gradient_boosting,net_hhs_flow_rolling_mean_7_reports,0.0
hhs_discharges,14,gradient_boosting,net_hhs_flow_rolling_variance_7_reports,0.0
hhs_discharges,14,gradient_boosting,net_hhs_flow_rolling_mean_14_reports,0.000999286379164006
hhs_discharges,14,gradient_boosting,net_hhs_flow_rolling_variance_14_reports,0.0
hhs_discharges,14,gradient_boosting,day_of_week,0.0
hhs_discharges,14,gradient_boosting,month,0.03645285344252881
hhs_discharges,14,gradient_boosting,is_weekend,0.0008927866162653175
hhs_discharges,14,gradient_boosting,is_us_federal_holiday,0.0
net_hhs_flow,1,random_forest,cbp_apprehensions,0.020824782380386292
net_hhs_flow,1,random_forest,cbp_care,0.07371453137893953
net_hhs_flow,1,random_forest,cbp_transfers_to_hhs,0.008936554318048278
net_hhs_flow,1,random_forest,hhs_care,0.04460925642416073
net_hhs_flow,1,random_forest,hhs_discharges,0.012883500256199268
net_hhs_flow,1,random_forest,net_hhs_flow,0.21748190389297592
net_hhs_flow,1,random_forest,days_since_previous_report,0.0050819489293161026
net_hhs_flow,1,random_forest,hhs_care_lag_1_reports,0.006035774674223886
net_hhs_flow,1,random_forest,hhs_care_lag_7_reports,0.037930425303152875
net_hhs_flow,1,random_forest,hhs_care_lag_14_reports,0.009095655430005187
net_hhs_flow,1,random_forest,hhs_care_rolling_mean_7_reports,0.017949086447685392
net_hhs_flow,1,random_forest,hhs_care_rolling_variance_7_reports,0.011759769205048566
net_hhs_flow,1,random_forest,hhs_care_rolling_mean_14_reports,0.020288400181627964
net_hhs_flow,1,random_forest,hhs_care_rolling_variance_14_reports,0.010598735869651594
net_hhs_flow,1,random_forest,hhs_discharges_lag_1_reports,0.02250700338001796
net_hhs_flow,1,random_forest,hhs_discharges_lag_7_reports,0.010942470811439202
net_hhs_flow,1,random_forest,hhs_discharges_lag_14_reports,0.013612178974774517
net_hhs_flow,1,random_forest,hhs_discharges_rolling_mean_7_reports,0.010023430388780352
net_hhs_flow,1,random_forest,hhs_discharges_rolling_variance_7_reports,0.00616994517673455
net_hhs_flow,1,random_forest,hhs_discharges_rolling_mean_14_reports,0.15758196439045963
net_hhs_flow,1,random_forest,hhs_discharges_rolling_variance_14_reports,0.012905601293980612
net_hhs_flow,1,random_forest,net_hhs_flow_lag_1_reports,0.007904138246567051
net_hhs_flow,1,random_forest,net_hhs_flow_lag_7_reports,0.00789802045420616
net_hhs_flow,1,random_forest,net_hhs_flow_lag_14_reports,0.00724417245804404
net_hhs_flow,1,random_forest,net_hhs_flow_rolling_mean_7_reports,0.18536986106191308
net_hhs_flow,1,random_forest,net_hhs_flow_rolling_variance_7_reports,0.0037069594409616822
net_hhs_flow,1,random_forest,net_hhs_flow_rolling_mean_14_reports,0.021709026980790955
net_hhs_flow,1,random_forest,net_hhs_flow_rolling_variance_14_reports,0.009859468348998028
net_hhs_flow,1,random_forest,day_of_week,0.02202414103211879
net_hhs_flow,1,random_forest,month,0.002779136681411045
net_hhs_flow,1,random_forest,is_weekend,0.0005684424755450477
net_hhs_flow,1,random_forest,is_us_federal_holiday,3.713711835659828e-06
net_hhs_flow,1,gradient_boosting,cbp_apprehensions,0.0
net_hhs_flow,1,gradient_boosting,cbp_care,0.0834509673354139
net_hhs_flow,1,gradient_boosting,cbp_transfers_to_hhs,0.0
net_hhs_flow,1,gradient_boosting,hhs_care,0.035964528632087635
net_hhs_flow,1,gradient_boosting,hhs_discharges,0.0
net_hhs_flow,1,gradient_boosting,net_hhs_flow,0.37967204873563715
net_hhs_flow,1,gradient_boosting,days_since_previous_report,0.01655149715875041
net_hhs_flow,1,gradient_boosting,hhs_care_lag_1_reports,0.0
net_hhs_flow,1,gradient_boosting,hhs_care_lag_7_reports,0.03405970832194
net_hhs_flow,1,gradient_boosting,hhs_care_lag_14_reports,0.0
net_hhs_flow,1,gradient_boosting,hhs_care_rolling_mean_7_reports,0.056095650308287705
net_hhs_flow,1,gradient_boosting,hhs_care_rolling_variance_7_reports,0.0
net_hhs_flow,1,gradient_boosting,hhs_care_rolling_mean_14_reports,0.0
net_hhs_flow,1,gradient_boosting,hhs_care_rolling_variance_14_reports,0.0
net_hhs_flow,1,gradient_boosting,hhs_discharges_lag_1_reports,0.0
net_hhs_flow,1,gradient_boosting,hhs_discharges_lag_7_reports,0.0
net_hhs_flow,1,gradient_boosting,hhs_discharges_lag_14_reports,0.0058636243600219285
net_hhs_flow,1,gradient_boosting,hhs_discharges_rolling_mean_7_reports,0.0
net_hhs_flow,1,gradient_boosting,hhs_discharges_rolling_variance_7_reports,0.0
net_hhs_flow,1,gradient_boosting,hhs_discharges_rolling_mean_14_reports,0.07288588580708905
net_hhs_flow,1,gradient_boosting,hhs_discharges_rolling_variance_14_reports,0.0
net_hhs_flow,1,gradient_boosting,net_hhs_flow_lag_1_reports,0.0
net_hhs_flow,1,gradient_boosting,net_hhs_flow_lag_7_reports,0.0
net_hhs_flow,1,gradient_boosting,net_hhs_flow_lag_14_reports,0.0
net_hhs_flow,1,gradient_boosting,net_hhs_flow_rolling_mean_7_reports,0.26446431610618143
net_hhs_flow,1,gradient_boosting,net_hhs_flow_rolling_variance_7_reports,0.0
net_hhs_flow,1,gradient_boosting,net_hhs_flow_rolling_mean_14_reports,0.03825528873805648
net_hhs_flow,1,gradient_boosting,net_hhs_flow_rolling_variance_14_reports,0.0
net_hhs_flow,1,gradient_boosting,day_of_week,0.012736484496534263
net_hhs_flow,1,gradient_boosting,month,0.0
net_hhs_flow,1,gradient_boosting,is_weekend,0.0
net_hhs_flow,1,gradient_boosting,is_us_federal_holiday,0.0
net_hhs_flow,7,random_forest,cbp_apprehensions,0.008366351814248474
net_hhs_flow,7,random_forest,cbp_care,0.01748312537756137
net_hhs_flow,7,random_forest,cbp_transfers_to_hhs,0.012128239382373817
net_hhs_flow,7,random_forest,hhs_care,0.15391292230284703
net_hhs_flow,7,random_forest,hhs_discharges,0.011659664909066678
net_hhs_flow,7,random_forest,net_hhs_flow,0.012072412169468826
net_hhs_flow,7,random_forest,days_since_previous_report,0.001696543426195171
net_hhs_flow,7,random_forest,hhs_care_lag_1_reports,0.030360222577300193
net_hhs_flow,7,random_forest,hhs_care_lag_7_reports,0.008479520177433288
net_hhs_flow,7,random_forest,hhs_care_lag_14_reports,0.017724821989870812
net_hhs_flow,7,random_forest,hhs_care_rolling_mean_7_reports,0.1323995026443958
net_hhs_flow,7,random_forest,hhs_care_rolling_variance_7_reports,0.031858183293330705
net_hhs_flow,7,random_forest,hhs_care_rolling_mean_14_reports,0.016222555404530273
net_hhs_flow,7,random_forest,hhs_care_rolling_variance_14_reports,0.019689513291602442
net_hhs_flow,7,random_forest,hhs_discharges_lag_1_reports,0.014445457538382526
net_hhs_flow,7,random_forest,hhs_discharges_lag_7_reports,0.01682541564870127
net_hhs_flow,7,random_forest,hhs_discharges_lag_14_reports,0.011866117556007695
net_hhs_flow,7,random_forest,hhs_discharges_rolling_mean_7_reports,0.18445343177607734
net_hhs_flow,7,random_forest,hhs_discharges_rolling_variance_7_reports,0.011605070469420182
net_hhs_flow,7,random_forest,hhs_discharges_rolling_mean_14_reports,0.04579242847730819
net_hhs_flow,7,random_forest,hhs_discharges_rolling_variance_14_reports,0.028178792009139374
net_hhs_flow,7,random_forest,net_hhs_flow_lag_1_reports,0.008713372845217206
net_hhs_flow,7,random_forest,net_hhs_flow_lag_7_reports,0.009695724635431195
net_hhs_flow,7,random_forest,net_hhs_flow_lag_14_reports,0.010620999297315959
net_hhs_flow,7,random_forest,net_hhs_flow_rolling_mean_7_reports,0.08714941867601926
net_hhs_flow,7,random_forest,net_hhs_flow_rolling_variance_7_reports,0.009516271733915258
net_hhs_flow,7,random_forest,net_hhs_flow_rolling_mean_14_reports,0.03778085753369524
net_hhs_flow,7,random_forest,net_hhs_flow_rolling_variance_14_reports,0.014309810813155062
net_hhs_flow,7,random_forest,day_of_week,0.016707416771542895
net_hhs_flow,7,random_forest,month,0.016431871335793102
net_hhs_flow,7,random_forest,is_weekend,0.0018539641226534747
net_hhs_flow,7,random_forest,is_us_federal_holiday,0.0
net_hhs_flow,7,gradient_boosting,cbp_apprehensions,0.0
net_hhs_flow,7,gradient_boosting,cbp_care,0.011436561781508666
net_hhs_flow,7,gradient_boosting,cbp_transfers_to_hhs,0.0
net_hhs_flow,7,gradient_boosting,hhs_care,0.31881452623280404
net_hhs_flow,7,gradient_boosting,hhs_discharges,0.0
net_hhs_flow,7,gradient_boosting,net_hhs_flow,0.0
net_hhs_flow,7,gradient_boosting,days_since_previous_report,0.0
net_hhs_flow,7,gradient_boosting,hhs_care_lag_1_reports,0.0
net_hhs_flow,7,gradient_boosting,hhs_care_lag_7_reports,0.0
net_hhs_flow,7,gradient_boosting,hhs_care_lag_14_reports,0.0
net_hhs_flow,7,gradient_boosting,hhs_care_rolling_mean_7_reports,0.26983672522987723
net_hhs_flow,7,gradient_boosting,hhs_care_rolling_variance_7_reports,0.029763220356311588
net_hhs_flow,7,gradient_boosting,hhs_care_rolling_mean_14_reports,0.0
net_hhs_flow,7,gradient_boosting,hhs_care_rolling_variance_14_reports,0.002271591169766953
net_hhs_flow,7,gradient_boosting,hhs_discharges_lag_1_reports,0.0
net_hhs_flow,7,gradient_boosting,hhs_discharges_lag_7_reports,0.0
net_hhs_flow,7,gradient_boosting,hhs_discharges_lag_14_reports,0.0
net_hhs_flow,7,gradient_boosting,hhs_discharges_rolling_mean_7_reports,0.17898055859281947
net_hhs_flow,7,gradient_boosting,hhs_discharges_rolling_variance_7_reports,0.0
net_hhs_flow,7,gradient_boosting,hhs_discharges_rolling_mean_14_reports,0.0
net_hhs_flow,7,gradient_boosting,hhs_discharges_rolling_variance_14_reports,0.007605748528055302
net_hhs_flow,7,gradient_boosting,net_hhs_flow_lag_1_reports,0.0
net_hhs_flow,7,gradient_boosting,net_hhs_flow_lag_7_reports,0.0
net_hhs_flow,7,gradient_boosting,net_hhs_flow_lag_14_reports,0.0
net_hhs_flow,7,gradient_boosting,net_hhs_flow_rolling_mean_7_reports,0.06679099128495018
net_hhs_flow,7,gradient_boosting,net_hhs_flow_rolling_variance_7_reports,0.0
net_hhs_flow,7,gradient_boosting,net_hhs_flow_rolling_mean_14_reports,0.06280895620876782
net_hhs_flow,7,gradient_boosting,net_hhs_flow_rolling_variance_14_reports,0.020093643470603953
net_hhs_flow,7,gradient_boosting,day_of_week,0.03159747714453471
net_hhs_flow,7,gradient_boosting,month,0.0
net_hhs_flow,7,gradient_boosting,is_weekend,0.0
net_hhs_flow,7,gradient_boosting,is_us_federal_holiday,0.0
net_hhs_flow,14,random_forest,cbp_apprehensions,0.007914593631040742
net_hhs_flow,14,random_forest,cbp_care,0.008619543251255274
net_hhs_flow,14,random_forest,cbp_transfers_to_hhs,0.014320838220377417
net_hhs_flow,14,random_forest,hhs_care,0.30040261750235125
net_hhs_flow,14,random_forest,hhs_discharges,0.02878862584403874
net_hhs_flow,14,random_forest,net_hhs_flow,0.014643857584281408
net_hhs_flow,14,random_forest,days_since_previous_report,0.0014101559565402684
net_hhs_flow,14,random_forest,hhs_care_lag_1_reports,0.18723245933635796
net_hhs_flow,14,random_forest,hhs_care_lag_7_reports,0.00885401396613954
net_hhs_flow,14,random_forest,hhs_care_lag_14_reports,0.026748289566294558
net_hhs_flow,14,random_forest,hhs_care_rolling_mean_7_reports,0.009174678239854172
net_hhs_flow,14,random_forest,hhs_care_rolling_variance_7_reports,0.02522160777882469
net_hhs_flow,14,random_forest,hhs_care_rolling_mean_14_reports,0.007947608763431837
net_hhs_flow,14,random_forest,hhs_care_rolling_variance_14_reports,0.016128668204059154
net_hhs_flow,14,random_forest,hhs_discharges_lag_1_reports,0.030526728220495965
net_hhs_flow,14,random_forest,hhs_discharges_lag_7_reports,0.010088456620508928
net_hhs_flow,14,random_forest,hhs_discharges_lag_14_reports,0.008546727037062517
net_hhs_flow,14,random_forest,hhs_discharges_rolling_mean_7_reports,0.037225257993446226
net_hhs_flow,14,random_forest,hhs_discharges_rolling_variance_7_reports,0.03375510246270638
net_hhs_flow,14,random_forest,hhs_discharges_rolling_mean_14_reports,0.00776359145398414
net_hhs_flow,14,random_forest,hhs_discharges_rolling_variance_14_reports,0.03583351643643744
net_hhs_flow,14,random_forest,net_hhs_flow_lag_1_reports,0.01425456689327093
net_hhs_flow,14,random_forest,net_hhs_flow_lag_7_reports,0.016120166889499136
net_hhs_flow,14,random_forest,net_hhs_flow_lag_14_reports,0.009022438613032995
net_hhs_flow,14,random_forest,net_hhs_flow_rolling_mean_7_reports,0.04667738662175221
net_hhs_flow,14,random_forest,net_hhs_flow_rolling_variance_7_reports,0.012275924316988273
net_hhs_flow,14,random_forest,net_hhs_flow_rolling_mean_14_reports,0.02020830165066416
net_hhs_flow,14,random_forest,net_hhs_flow_rolling_variance_14_reports,0.01482423289125325
net_hhs_flow,14,random_forest,day_of_week,0.0027533412218885773
net_hhs_flow,14,random_forest,month,0.042618214855528504
net_hhs_flow,14,random_forest,is_weekend,9.848797663340126e-05
net_hhs_flow,14,random_forest,is_us_federal_holiday,0.0
net_hhs_flow,14,gradient_boosting,cbp_apprehensions,0.0
net_hhs_flow,14,gradient_boosting,cbp_care,0.0
net_hhs_flow,14,gradient_boosting,cbp_transfers_to_hhs,0.0
net_hhs_flow,14,gradient_boosting,hhs_care,0.21608076823463762
net_hhs_flow,14,gradient_boosting,hhs_discharges,0.017549033735906463
net_hhs_flow,14,gradient_boosting,net_hhs_flow,0.03008828189577363
net_hhs_flow,14,gradient_boosting,days_since_previous_report,0.0
net_hhs_flow,14,gradient_boosting,hhs_care_lag_1_reports,0.41669865261666816
net_hhs_flow,14,gradient_boosting,hhs_care_lag_7_reports,0.0
net_hhs_flow,14,gradient_boosting,hhs_care_lag_14_reports,0.0030249883742366757
net_hhs_flow,14,gradient_boosting,hhs_care_rolling_mean_7_reports,0.0
net_hhs_flow,14,gradient_boosting,hhs_care_rolling_variance_7_reports,0.004950402136812568
net_hhs_flow,14,gradient_boosting,hhs_care_rolling_mean_14_reports,0.0
net_hhs_flow,14,gradient_boosting,hhs_care_rolling_variance_14_reports,0.003087529357500216
net_hhs_flow,14,gradient_boosting,hhs_discharges_lag_1_reports,0.07415320739433712
net_hhs_flow,14,gradient_boosting,hhs_discharges_lag_7_reports,0.0
net_hhs_flow,14,gradient_boosting,hhs_discharges_lag_14_reports,0.0
net_hhs_flow,14,gradient_boosting,hhs_discharges_rolling_mean_7_reports,0.01491447187543466
net_hhs_flow,14,gradient_boosting,hhs_discharges_rolling_variance_7_reports,0.019791279571143107
net_hhs_flow,14,gradient_boosting,hhs_discharges_rolling_mean_14_reports,0.0
net_hhs_flow,14,gradient_boosting,hhs_discharges_rolling_variance_14_reports,0.019320356205403667
net_hhs_flow,14,gradient_boosting,net_hhs_flow_lag_1_reports,0.003089543314961622
net_hhs_flow,14,gradient_boosting,net_hhs_flow_lag_7_reports,0.005216564240784198
net_hhs_flow,14,gradient_boosting,net_hhs_flow_lag_14_reports,0.0
net_hhs_flow,14,gradient_boosting,net_hhs_flow_rolling_mean_7_reports,0.06729455181671959
net_hhs_flow,14,gradient_boosting,net_hhs_flow_rolling_variance_7_reports,0.0
net_hhs_flow,14,gradient_boosting,net_hhs_flow_rolling_mean_14_reports,0.009671866896239042
net_hhs_flow,14,gradient_boosting,net_hhs_flow_rolling_variance_14_reports,0.0
net_hhs_flow,14,gradient_boosting,day_of_week,0.0
net_hhs_flow,14,gradient_boosting,month,0.09506850233344155
net_hhs_flow,14,gradient_boosting,is_weekend,0.0
net_hhs_flow,14,gradient_boosting,is_us_federal_holiday,0.0
